,CCC,CCD,CDC,CDD,DCC,DCD,DDC,DDD
0,0.08333333333333333,0.08333333333333333,0.16666666666666666,0.16666666666666666,0.08333333333333333,0.08333333333333333,0.16666666666666666,0.16666666666666666
1,0.09574468085106384,0.09574468085106384,0.10638297872340426,0.17021276595744683,0.12765957446808512,0.12765957446808512,0.10638297872340426,0.17021276595744683
2,0.07876312718786464,0.07876312718786464,0.04667444574095682,0.1866977829638273,0.16802800466744455,0.19603267211201866,0.05834305717619602,0.1866977829638273
3,0.06448633844978027,0.06448633844978027,0.033118909623590854,0.20380867460671295,0.13757085535953123,0.23539901917075345,0.05732118973313801,0.20380867460671295
4,0.0503987097930293,0.0503987097930293,0.022432610910345877,0.21237974826362965,0.14335633007794998,0.2698284701689414,0.03882567272944479,0.21237974826362965
5,0.039612889584346576,0.039612889584346576,0.01528090309650426,0.2225711875685646,0.11267666370658579,0.31105436318644736,0.03661991570464039,0.2225711875685646
6,0.029915072905388123,0.029915072905388123,0.010001258605221868,0.22410999290437997,0.11345568390784233,0.3445254126418678,0.0239675132255317,0.22410999290437997
7,0.022772566860740563,0.022772566860740563,0.006598248544004834,0.2274688220980786,0.08636706839036418,0.3846578533110353,0.021894051836957328,0.2274688220980786
8,0.01679215838786493,0.01679215838786493,0.0042167252057935915,0.22364291868254152,0.08491442068727745,0.41600692629736996,0.013991773668746148,0.22364291868254152
9,0.012480533739451155,0.012480533739451155,0.0027161517489660485,0.22162590638924853,0.06311143974912582,0.45348050326291417,0.012479024981594655,0.22162590638924853
10,0.00905445505272303,0.00905445505272303,0.0017077932067676963,0.2143820501925318,0.06104863851185765,0.48252431205044777,0.007846245740417252,0.2143820501925318
11,0.006611789456660874,0.006611789456660874,0.0010807968577375084,0.20872951063414785,0.04457924216375792,0.5167819310255161,0.006875429771371089,0.20872951063414785
12,0.004742636582653907,0.004742636582653907,0.0006718881753448498,0.19962890419742166,0.0426355872538829,0.5436752633340919,0.004274179676529107,0.19962890419742166
13,0.003417953108930349,0.003417953108930349,0.00041965784349077694,0.19182641605712608,0.03072688270875985,0.5746683099420835,0.003696411173553079,0.19182641605712608
14,0.0024313980252488,0.0024313980252488,0.00025872440517317994,0.18194373623723714,0.029143868492492973,0.5995682540122651,0.002278884565096982,0.18194373623723714
15,0.0017348347640996009,0.0017348347640996009,0.0001599895242930843,0.1730923611062423,0.02079453700960794,0.6274398644623367,0.0019512172630784422,0.1730923611062423
16,0.001226161447701914,0.001226161447701914,9.800160338767259e-05,0.16311961190557697,0.01959645581748944,0.6504187774907098,0.0011952183818553879,0.16311961190557697
17,0.0008680781957723121,0.0008680781957723121,6.013072844760765e-05,0.15397708968201804,0.013873585767568173,0.675360541806467,0.0010154059419364414,0.15397708968201804
18,0.0006103337734797695,0.0006103337734797695,3.66401390616076e-05,0.14434554956415205,0.013005768365804455,0.6964270959955732,0.0006187288242973894,0.14434554956415205
19,0.0004294047216804715,0.0004294047216804715,2.234130920888799e-05,0.1354071345432739,0.009150301995444232,0.7186319048212694,0.0005223733441686967,0.1354071345432739
20,0.0003005750948294211,0.0003005750948294211,1.3553357370537455e-05,0.1263765402070898,0.008540048587061052,0.7377752696124777,0.0003168978392521652,0.1263765402070898
21,0.00021039722070180793,0.00021039722070180793,8.22216123311895e-06,0.11794844074521704,0.005977882127578626,0.75743003235755,0.00026618742180047414,0.11794844074521704
22,0.00014671481964571156,0.00014671481964571156,4.969035135567375e-06,0.10966421295050068,0.005558019542181682,0.7746542864206912,0.00016086946169880753,0.10966421295050068
23,0.00010226549747343126,0.00010226549747343126,3.0017831269648567e-06,0.10191985894355708,0.003874139196168629,0.7919440519891506,0.00013455814949278044,0.10191985894355708
24,7.107725836526462e-05,7.107725836526462e-05,1.8081436795133185e-06,0.09444937377912928,0.0035901739347377454,0.8072860638660736,8.105198052011957e-05,0.09444937377912928
25,4.936895362490635e-05,4.936895362490635e-05,1.088449503806319e-06,0.08747039228855076,0.002493668644034726,0.8223981637679645,6.755665414568272e-05,0.08747039228855076
26,3.421458096402923e-05,3.421458096402923e-05,6.537590019703699e-07,0.08082712174808816,0.002304277525426932,0.8359318192823052,4.057677516163205e-05,0.08082712174808816
27,2.3694401813819326e-05,2.3694401813819326e-05,3.92377683418752e-07,0.07463290975922997,0.0015957663674273828,0.8490569124877317,3.372044506987844e-05,0.07463290975922997
28,1.6380401669224512e-05,1.6380401669224512e-05,2.3509055976525995e-07,0.06879357969336382,0.0014709125119703491,0.8608887288201013,2.0203387302613777e-05,0.06879357969336382
29,1.1315444835103546e-05,1.1315444835103546e-05,1.407454513099802e-07,0.06336270800913439,0.0010160940935737162,0.8722189706553307,1.6747597705211626e-05,0.06336270800913439
30,7.805834257146342e-06,7.805834257146342e-06,8.414613158079974e-08,0.05828008284380583,0.0009345883377023765,0.8824795374346054,1.0012725434808478e-05,0.05828008284380583
31,5.380813656613356e-06,5.380813656613356e-06,5.0270693326650274e-08,0.05356579114951248,0.0006442419253543014,0.8922050813635892,8.282514024974992e-06,0.05356579114951248
32,3.705063378962783e-06,3.705063378962783e-06,2.9999544281552585e-08,0.04917834955048777,0.0005914736610856804,0.9010394444376885,4.942673948025579e-06,0.04917834955048777
33,2.5494637859128518e-06,2.5494637859128518e-06,1.7890396122266212e-08,0.04511966765690661,0.00040699457067894354,0.9093444720173197,4.081280220235399e-06,0.04511966765690661
34,1.7527199670260902e-06,1.7527199670260902e-06,1.0659473069643148e-08,0.04135883675870068,0.00037307061165401203,0.9169033080592209,2.431712316482555e-06,0.04135883675870068
35,1.204236775927232e-06,1.204236775927232e-06,6.3472730541303046e-09,0.03788841204633957,0.00025632466054101863,0.9239624315256023,2.004900352645942e-06,0.03788841204633957
36,8.267866787676349e-07,8.267866787676349e-07,3.776772799905837e-09,0.034683804144139664,0.00023464468008436038,0.9303948967198903,1.192961615770968e-06,0.034683804144139664
37,5.67338690552267e-07,5.67338690552267e-07,2.2460627445099055e-09,0.0317332383017067,0.00016101251866145548,0.9363703916262001,9.823282813111214e-07,0.0317332383017067
38,3.8907265127269173e-07,3.8907265127269173e-07,1.334941640010258e-09,0.029016259869966123,0.00014722673555655648,0.9418188901999688,5.838442982446893e-07,0.029016259869966123
39,2.6669640136676484e-07,2.6669640136676484e-07,7.930504655776324e-10,0.026519578672104555,0.00010091904540057261,0.9468589091774486,4.802470884273897e-07,0.026519578672104555
40,1.8272123338194892e-07,1.8272123338194892e-07,4.70895760123772e-10,0.024225749323467407,9.218998258104225e-05,0.9514556602970623,2.8516005924985666e-07,0.024225749323467407
41,1.2513754190864043e-07,1.2513754190864043e-07,2.7949592164470104e-10,0.02212149925598527,6.313676629292988e-05,0.9556933798152215,2.343519351609713e-07,0.02212149925598527
42,8.566611493472984e-08,8.566611493472984e-08,1.658246235668625e-10,0.020191786508270606,5.76291909990906e-05,0.9595584872536593,1.3904074593129434e-07,0.020191786508270606
43,5.862502055490429e-08,5.862502055490429e-08,9.83501552454009e-11,0.018424148217600606,3.9438143184832484e-05,0.9631120338913212,1.1418190159880949e-07,0.018424148217600606
44,4.010610131505655e-08,4.010610131505655e-08,5.831154945191968e-11,0.016805583419606866,3.597349507718066e-05,0.9663527116970445,6.769815039925479e-08,0.016805583419606866
45,2.742919564451581e-08,2.742919564451581e-08,3.45628304181312e-11,0.015324804968882999,2.4602841017573074e-05,0.969325676768462,5.555980016564412e-08,0.015324804968882999
46,1.875402186214187e-08,1.875402186214187e-08,2.0480603013510876e-11,0.013970599363988529,2.2428764070429163e-05,0.972036302056829,3.292259913139599e-08,0.013970599363988529
47,1.2819487698734085e-08,1.2819487698734085e-08,1.2133080659413831e-11,0.01273297912715126,1.5331392232142666e-05,0.9745186576968947,2.7005462039730124e-08,0.01273297912715126
48,8.760854314376956e-09,8.760854314376956e-09,7.186194482528227e-12,0.011602312327659346,1.396999078682747e-05,0.9767813718301748,1.5994825037074284e-08,0.011602312327659346
49,5.985963876825228e-09,5.985963876825228e-09,4.255383379507632e-12,0.010569901060454133,9.545171875795257e-06,0.9788506276166345,1.3114398407143302e-08,0.010569901060454133
50,4.089201220518032e-09,4.089201220518032e-09,2.5193886952342598e-12,0.009627511560168374,8.694145011615141e-06,0.9807362667893842,7.764345570099476e-09,0.009627511560168374
51,2.7929884840304526e-09,2.7929884840304526e-09,1.491344348697794e-12,0.008767654925693574,5.938237222000951e-06,0.9824587399601189,6.363803567653289e-09,0.008767654925693574
52,1.907351914115502e-09,1.907351914115502e-09,8.826564732044147e-13,0.007983326104132271,5.407019850656351e-06,0.9840279331898628,3.7664355774675376e-09,0.007983326104132271
53,1.3023598505867415e-09,1.3023598505867415e-09,5.223288012631889e-13,0.007268131497019817,3.691969747536543e-06,0.9854600393448568,3.0861139612130327e-09,0.007268131497019817
54,8.891479155003781e-10,8.891479155003781e-10,3.090573541210151e-13,0.0066161375877246634,3.360778465474186e-06,0.9867643604414539,1.8260264665892607e-09,0.0066161375877246634
55,6.069680072309136e-10,6.069680072309136e-10,1.8284494627190073e-13,0.006021920953278592,2.2942020921068756e-06,0.9879538611814092,1.495822631427338e-09,0.006021920953278592
56,4.142955199093801e-10,4.142955199093801e-10,1.0816319095229368e-13,0.0054804752858362915,2.087924760895474e-06,0.9890369597900032,8.848642098821937e-10,0.0054804752858362915
57,2.8275615847502995e-10,2.8275615847502995e-10,6.397840665263893e-14,0.004987223093889977,1.425005958801663e-06,0.9900241275159826,7.247024196053834e-10,0.004987223093889977
58,1.9296328786171126e-10,1.9296328786171126e-10,3.7839738891058475e-14,0.004537954637602706,1.2966358788476842e-06,0.9909227932743293,4.286219642898047e-10,0.004537954637602706
59,1.3167457484706173e-10,1.3167457484706173e-10,2.2378318908299774e-14,0.004128821630290737,8.848003160117846e-07,0.9917414713247507,3.509804307962645e-10,0.004128821630290737
60,8.984557306945721e-11,8.984557306945721e-11,1.3233487460416723e-14,0.00375629434314005,8.049682741101027e-07,0.992486605958188,2.0755335326244635e-10,0.00375629434314005
61,6.130022674376504e-11,6.130022674376504e-11,7.825134323901476e-15,0.003417147698867669,5.492172406350996e-07,0.9931651550924834,1.6993248101269314e-10,0.003417147698867669
62,4.1821594975579483e-11,4.1821594975579483e-11,4.6268178811056715e-15,0.0031084293294409994,4.995988261176156e-07,0.993782641558167,1.0047707926605529e-10,0.0031084293294409994
63,2.8530853136475623e-11,2.8530853136475623e-11,2.7355752451457206e-15,0.0028274432777350323,3.408282430031785e-07,0.9943447724769674,8.22550204638279e-11,0.0028274432777350323
64,1.9462860494208262e-11,1.9462860494208262e-11,1.617307757953593e-15,0.0025717251335649646,3.100032335439842e-07,0.9948562396420791,4.8630240737426314e-11,0.0025717251335649646
65,1.3276341301441457e-11,1.3276341301441457e-11,9.561290242197692e-16,0.002339025867025994,2.114647399494616e-07,0.9953217367348475,3.9806995921907385e-11,0.002339025867025994
66,9.055902332535356e-12,9.055902332535356e-12,5.652257211156715e-16,0.0021272918820148573,1.9232246678778322e-07,0.9957452238718587,2.3532323991282808e-11,0.0021272918820148573
67,6.176868332385812e-12,6.176868332385812e-12,3.3412627094602137e-16,0.0019346501139631462,1.311797003861009e-07,0.9961305685607581,1.9261170650258467e-11,0.0019346501139631462
68,4.2129831220593825e-12,4.2129831220593825e-12,1.975077276162987e-16,0.0017593917259511587,1.1929623749860872e-07,0.9964810972320485,1.1385605913570548e-11,0.0017593917259511587
69,2.8734077740977438e-12,2.8734077740977438e-12,1.1674646216155574e-16,0.0015999588942288824,8.136437443916289e-08,0.9968000008321024,9.318476983275907e-12,0.0015999588942288824
70,1.9597117619848015e-12,1.9597117619848015e-12,6.900662047104009e-17,0.0014549313383117387,7.398913723388062e-08,0.9970900633248118,5.507975082475716e-12,0.0014549313383117387
71,1.336520695701461e-12,1.336520695701461e-12,4.0787429949568067e-17,0.0013230148652125056,5.0460488674121627e-08,0.9973539198019056,4.507717613541893e-12,0.0013230148652125056
72,9.114833705344628e-13,9.114833705344628e-13,2.4107462268297115e-17,0.0012030301787714392,4.588420909448517e-08,0.9975938937537607,2.6642922199061065e-12,0.0012030301787714392
73,6.216019082319374e-13,6.216019082319374e-13,1.4248435420722233e-17,0.0010939030872959645,3.129153295920367e-08,0.9978121625304516,2.1803523989823876e-12,0.0010939030872959645
74,4.239037949409217e-13,4.239037949409217e-13,8.4212049511378e-18,0.0009946551833499764,2.8452507186697088e-08,0.9980106611786564,1.2886463583806566e-12,0.0009946551833499764
75,2.8907759599131276e-13,2.8907759599131276e-13,4.977066691674899e-18,0.0009043955497282339,1.9402945846715612e-08,0.9981911894959651,1.0545377393912412e-12,0.0009043955497282339
76,1.9713077655956067e-13,1.9713077655956067e-13,2.941477642869068e-18,0.0008223129914239138,1.7641942672587678e-08,0.9983553563741919,6.232384205679918e-13,0.0008223129914239138
77,1.3442744685176574e-13,1.3442744685176574e-13,1.738405801213083e-18,0.0007476690542145823,1.2030396026287856e-08,0.998504649860396,5.099985975953517e-13,0.0007476690542145823
78,9.166753876866938e-14,9.166753876866938e-14,1.0273794545362117e-18,0.0006797915516853825,1.0938210610697195e-08,0.9986404059579338,3.014037807778354e-13,0.0006797915516853825
79,6.250832076498931e-14,6.250832076498931e-14,6.071629060144189e-19,0.0006180687142088305,7.45879279222187e-09,0.9987638551124178,2.466335777534471e-13,0.0006180687142088305
80,4.262409957274951e-14,4.262409957274951e-14,3.588184036935856e-19,0.0005619437987311706,6.781482801592917e-09,0.998876105620824,1.4575440263247587e-13,0.0005619437987311706
81,2.9064855737853104e-14,2.9064855737853104e-14,2.1205072274716583e-19,0.0005109102004614794,4.624210746801137e-09,0.998978174974689,1.192657879875518e-13,0.0005109102004614794
82,1.9818788124326017e-14,1.9818788124326017e-14,1.2531434065326893e-19,0.000464506968132684,4.2042184948803345e-09,0.9990709818594061,7.048178563377414e-14,0.000464506968132684
83,1.351395143459275e-14,1.351395143459275e-14,7.405563764140071e-20,0.0004223147294373052,2.866754728080106e-09,0.9991553676742858,5.767178631325677e-14,0.0004223147294373052
84,9.214765349830587e-15,9.214765349830587e-15,4.376350988584116e-20,0.0003839519629647816,2.606340789134918e-09,0.9992320934676772,3.4081399753465056e-14,0.0003839519629647816
85,6.283233190952906e-15,6.283233190952906e-15,2.5862061279298062e-20,0.0003490716078445687,1.7771746030980575e-09,0.9993018550070958,2.788672839670859e-14,0.0003490716078445687
86,4.284294544630164e-15,4.284294544630164e-15,1.5283097103014354e-20,0.0003173579673019598,1.6157158213537651e-09,0.9993652824496552,1.6479567245996907e-14,0.0003173579673019598
87,2.9212784802951924e-15,2.9212784802951924e-15,9.031442147355464e-21,0.00028852389139660036,1.1016879932097828e-09,0.9994229511154996,1.3484060348926552e-14,0.00028852389139660036
88,1.9918852743081506e-15,1.9918852743081506e-15,5.3370412446825096e-21,0.0002623082071476681,1.0015870815278194e-09,0.9994753825841056,7.968271850036867e-15,0.0002623082071476681
89,1.3581683708630034e-15,1.3581683708630034e-15,3.1538566060396628e-21,0.00023847337994201454,6.829328537852438e-10,0.999523052557174,6.519806097316748e-15,0.00023847337994201454
90,9.260640423044928e-16,9.260640423044928e-16,1.8637233488493845e-21,0.0002168033821126224,6.208749693255809e-10,0.9995663926148941,3.852779746000599e-15,0.0002168033821126224
91,6.314321919932222e-16,6.314321919932222e-16,1.101334483272355e-21,0.0001971017532916372,4.23340530379941e-10,0.9996057960700717,3.1523986020193786e-15,0.0001971017532916372
92,4.3053737813414676e-16,4.3053737813414676e-16,6.508118812610504e-22,0.00017918983365936418,3.8486882005461703e-10,0.9996416199478095,1.8628477504572793e-15,0.00017918983365936418
93,2.9355777650362e-16,2.9355777650362e-16,3.84583186864495e-22,0.00016290515624625302,2.6241910876691067e-10,0.9996741894250863,1.5241978179705106e-15,0.00016290515624625302
94,2.0015895797112018e-16,2.0015895797112018e-16,2.272604325883105e-22,0.00014809998318210876,2.385698923875367e-10,0.9997037997950645,9.006890246197503e-16,0.00014809998318210876
95,1.364756917266052e-16,1.364756917266052e-16,1.3429387179786025e-22,0.00013463997384447596,1.6266567041895068e-10,0.9997307198896442,7.369472278124719e-16,0.00013463997384447596
96,9.305388595547441e-17,9.305388595547441e-17,7.935741236898658e-23,0.00012240297264824935,1.47881502339707e-10,0.9997551939068214,4.3547947697660797e-16,0.00012240297264824935
97,6.344724336011679e-17,6.344724336011679e-17,4.6894060033398147e-23,0.00011127790618482757,1.0083054104690061e-10,0.9997774440867992,3.563093199648894e-16,0.00011127790618482757
98,4.3260359368150964e-17,4.3260359368150964e-17,2.77106870358497e-23,0.0001011637796768768,9.166598284322976e-11,0.9997976723489799,2.1055067627907417e-16,0.0001011637796768768
99,2.9496242106661014e-17,2.9496242106661014e-17,1.6374798073745983e-23,9.19687640558039e-05,6.250068335954524e-11,0.9998160624093875,1.7227190381098012e-16,9.19687640558039e-05
100,2.011141045857647e-17,2.011141045857647e-17,9.676178844761084e-24,8.36093654057513e-05,5.681975317126817e-11,0.9998327812123686,1.017987363077868e-16,8.36093654057513e-05
101,1.3712533766776654e-17,1.3712533766776654e-17,5.7178289654715215e-24,7.60096694830081e-05,3.874132973347306e-11,0.9998479806222924,8.329114132959874e-17,7.60096694830081e-05
102,9.349584051706754e-18,9.349584051706754e-18,3.3787638102851595e-24,6.910065449714337e-05,3.521987740350696e-11,0.9998617986557858,4.921817279621748e-17,6.910065449714337e-05
103,6.3747964903460015e-18,6.3747964903460015e-18,1.9965673359380885e-24,6.281956606594894e-05,2.4013854479580496e-11,0.9998743608438544,4.026992004787137e-17,6.281956606594894e-05
104,4.346501797128453e-18,4.346501797128453e-18,1.1798032648258349e-24,5.710934871180631e-05,2.1831026147955268e-11,0.9998857812807452,2.379613363975581e-17,5.710934871180631e-05
105,2.96355472473184e-18,2.96355472473184e-18,6.971637136865876e-25,5.1918128831188895e-05,1.4884945113622178e-11,0.9998961637274527,1.9469766051873415e-17,5.1918128831188895e-05
106,2.020624568146561e-18,2.020624568146561e-18,4.1196426507241158e-25,4.7198744477598585e-05,1.3531896021624107e-11,0.999905602497513,1.1504970360946841e-17,4.7198744477598585e-05
107,1.377710392142362e-18,1.377710392142362e-18,2.4343551842580607e-25,4.290831774686078e-05,9.22637191899628e-12,0.99991418335528,9.41323834863913e-18,4.290831774686078e-05
108,9.393553230354307e-19,9.393553230354307e-19,1.4384938313083133e-25,3.900786590843434e-05,8.38767627201795e-12,0.9999219842597954,5.562411510331518e-18,3.900786590843434e-05
109,6.404740808944239e-19,6.404740808944239e-19,8.500251108054612e-26,3.5461947788653894e-05,5.718910745937232e-12,0.9999290760987039,4.551096240929189e-18,3.5461947788653894e-05
110,4.366896889495069e-19,4.366896889495069e-19,5.0229080405990047e-26,3.2238342214140006e-05,5.1990432905277705e-12,0.9999355233103726,2.6893014819811447e-18,3.2238342214140006e-05
111,2.9774471497443163e-19,2.9774471497443163e-19,2.968099421559755e-26,2.9307755618985797e-05,3.5448230215871012e-12,0.9999413844852173,2.200350473561224e-18,2.9307755618985797e-05
112,2.0300884197963778e-19,2.0300884197963778e-19,1.7538862768259447e-26,2.664355617414716e-05,3.2225835553877313e-12,0.9999467128844292,1.3002140264420405e-18,2.664355617414716e-05
113,1.3841579005696366e-19,1.3841579005696366e-19,1.0363923659760702e-26,2.4221532039749443e-05,2.1972267044817292e-12,0.9999515569337234,1.063816629609693e-18,2.4221532039749443e-05
114,9.437481793025338e-20,9.437481793025338e-20,6.12416367833741e-27,2.2019671554354806e-05,1.9974876190220364e-12,0.9999559606548938,6.286216858931814e-19,2.2019671554354806e-05
115,6.434672438771123e-20,6.434672438771123e-20,3.618838480044359e-27,2.001796337469504e-05,1.3619288291932541e-12,0.9999599640718887,5.143288930680747e-19,2.001796337469504e-05
116,4.3872926309196173e-20,4.3872926309196173e-20,2.1384123394191845e-27,1.8198214757215284e-05,1.2381216237528056e-12,0.9999636035692474,3.039227247973497e-19,1.8198214757215284e-05
117,2.991345782383274e-20,2.991345782383274e-20,1.2636114724705516e-27,1.6543886337328866e-05,8.441766275604385e-13,0.9999669122264812,2.4866487033551374e-19,1.6543886337328866e-05
118,2.039560077488771e-20,2.039560077488771e-20,7.466817524632094e-28,1.5039941910134578e-05,7.674356062127196e-13,0.9999699201154124,1.4693877445979365e-19,1.5039941910134578e-05
119,1.3906129464223072e-20,1.3906129464223072e-20,4.4122224208416595e-28,1.3672711852269682e-05,5.232529805441513e-13,0.9999726545757721,1.20222962402837e-19,1.3672711852269682e-05
120,9.481475477876573e-21,9.481475477876573e-21,2.6072288210226325e-28,1.2429768947272886e-05,4.756857102971873e-13,0.9999751404616298,7.104101802411054e-20,1.2429768947272886e-05
121,6.4646569811336596e-21,6.4646569811336596e-21,1.540638694201425e-28,1.1299815489176275e-05,3.2433189908823465e-13,0.9999774003686974,5.812460065161856e-20,1.1299815489176275e-05
122,4.4077297246881e-21,4.4077297246881e-21,9.103792805950315e-29,1.027258064075434e-05,2.9484778675760155e-13,0.9999794548384237,3.434642549564303e-20,1.027258064075434e-05
123,3.0052758799128635e-21,3.0052758799128635e-21,5.379523978351851e-29,9.338727115746164e-06,2.0103295735788645e-13,0.9999813225455676,2.810167334674795e-20,9.338727115746164e-06
124,2.0490552154983536e-21,2.0490552154983536e-21,3.178815021041794e-29,8.489766338607778e-06,1.8275754427496085e-13,0.99998302046714,1.6605562445772508e-20,8.489766338607778e-06
125,1.3970852580084853e-21,1.3970852580084853e-21,1.8783935937289337e-29,7.71798131216351e-06,1.2460760889465938e-13,0.9999845640372511,1.358639024568349e-20,7.71798131216351e-06
126,9.525594671578264e-22,9.525594671578264e-22,1.1099614084146385e-29,7.016356493259325e-06,1.1327980341176543e-13,0.9999859672869003,8.028332774726213e-21,7.016356493259325e-06
127,6.494731925049871e-22,6.494731925049871e-22,6.558871235064697e-30,6.378514040041143e-06,7.723632812940873e-14,0.9999872429718426,6.5686442862216815e-21,6.378514040041143e-06
128,4.42823144808612e-22,4.42823144808612e-22,3.875701133668093e-30,5.798655852184311e-06,7.021492518435137e-14,0.9999884026882255,3.881476125140105e-21,5.798655852184311e-06
129,3.019251897804728e-22,3.019251897804728e-22,2.290189448080369e-30,5.271510877927201e-06,4.787386309915999e-14,0.9999894569781963,3.1757565415000214e-21,5.271510877927201e-06
130,2.0585828124744488e-22,2.0585828124744488e-22,1.3532950618492492e-30,4.792287209496413e-06,4.35217354402005e-14,0.9999904154255376,1.87658520951172e-21,4.792287209496413e-06
131,1.4035804132981368e-22,1.4035804132981368e-22,7.996750515059347e-31,4.356628531945016e-06,2.9673936383050894e-14,0.9999912867429065,1.5353892365143738e-21,4.356628531945016e-06
132,9.569874034739371e-23,9.569874034739371e-23,4.725356320102748e-31,3.9605745299049345e-06,2.6976327171107547e-14,0.9999920788509133,9.072761766067282e-22,3.9605745299049345e-06
133,6.524918813218219e-23,6.524918813218219e-23,2.792258018050918e-31,3.6005248926676413e-06,1.8392963588792234e-14,0.9999927989501963,7.423174063152226e-22,3.6005248926676413e-06
134,4.4488111941134195e-23,4.4488111941134195e-23,1.6499717271690497e-31,3.273206590654553e-06,1.6720886935987448e-14,0.9999934535868019,4.386423908849681e-22,3.273206590654553e-06
135,3.03328216481538e-23,3.03328216481538e-23,9.74983873567833e-32,2.975644126031058e-06,1.1400611513910911e-14,0.9999940487117366,3.588894424912101e-22,2.975644126031058e-06
136,2.068148049478233e-23,2.068148049478233e-23,5.76127146080876e-32,2.705132487212164e-06,1.0364197892676218e-14,0.9999945897350152,2.1207114893540046e-22,2.705132487212164e-06
137,1.4101016363736626e-23,1.4101016363736626e-23,3.4043893558095955e-32,2.4592125615557555e-06,7.066502038792759e-15,0.9999950815748697,1.735128435608246e-22,2.4592125615557555e-06
138,9.61433363776408e-24,9.61433363776408e-24,2.011685518826089e-32,2.2356487828571554e-06,6.4240956349419095e-15,0.9999955287024278,1.0253036249393376e-22,2.2356487828571554e-06
139,6.555230144874121e-24,6.555230144874121e-24,1.1887237443188354e-32,2.0324088105523788e-06,4.380066986058843e-15,0.9999959351823745,8.388851250326431e-23,2.0324088105523788e-06
140,4.469476750378525e-24,4.469476750378525e-24,7.024279266648952e-33,1.8476450559876344e-06,3.981880549655152e-15,0.9999963047098841,4.9570502978752026e-23,1.8476450559876344e-06
141,3.0473715353418985e-24,3.0473715353418985e-24,4.1507118701184344e-33,1.6796778878884962e-06,2.7149194686207943e-15,0.9999966406442214,4.055769788011171e-23,1.6796778878884962e-06
142,2.0777539540889994e-24,2.0777539540889994e-24,2.4526941268401832e-33,1.526980364414116e-06,2.468109361587763e-15,0.9999969460392687,2.3965919702797907e-23,1.526980364414116e-06
143,1.4166508165512244e-24,1.4166508165512244e-24,1.4493196591478661e-33,1.3881643530491445e-06,1.6828023046473082e-15,0.9999972236712922,1.9608485200793193e-23,1.3881643530491445e-06
144,9.658985277987268e-25,9.658985277987268e-25,8.564163783776825e-34,1.2619679121935625e-06,1.529820663068919e-15,0.9999974760641741,1.1586835088547149e-23,1.2619679121935625e-06
145,6.585673291520117e-25,6.585673291520117e-25,5.0606433970262315e-34,1.147243819773219e-06,1.043059782330259e-15,0.9999977055123594,9.4801399749263e-24,1.147243819773219e-06
146,4.490232726289488e-25,4.490232726289488e-25,2.990380812914756e-34,1.042949144615101e-06,9.482363635472005e-16,0.9999979141017098,5.6019020627741805e-24,1.042949144615101e-06
147,3.0615228939269573e-25,3.0615228939269573e-25,1.76704354271082e-34,9.481357658059803e-07,6.465249159262928e-16,0.9999981037284676,4.5833752841293e-24,9.481357658059803e-07
148,2.0874023329758e-25,2.0874023329758e-25,1.0441622734214114e-34,8.619417538668557e-07,5.877500248905972e-16,0.9999982761164916,2.7083585893294314e-24,8.619417538668557e-07
149,1.4232290864363323e-25,1.4232290864363323e-25,6.170050764440047e-35,7.835835354068448e-07,4.007387161369403e-16,0.9999984328329289,2.2159301021791135e-24,7.835835354068448e-07
150,9.703836062750659e-26,9.703836062750659e-26,3.645939607514254e-35,7.123487700398166e-07,3.6430797566371504e-16,0.9999985753024595,1.3094134287485312e-24,7.123487700398166e-07
151,6.616252717889903e-26,6.616252717889903e-26,2.154419138021664e-35,6.475898748198063e-07,2.483918337600998e-16,0.9999987048202501,1.071338398642724e-24,6.475898748198063e-07
152,4.5110819297123854e-26,4.5110819297123854e-26,1.2730660041809205e-35,5.887181373358066e-07,2.2581078455150484e-16,0.9999988225637251,6.330636737371779e-25,5.887181373358066e-07
153,3.075738008575308e-26,3.075738008575308e-26,7.522663557201526e-36,5.351983639563668e-07,1.5396191503787545e-16,0.9999989296032719,5.179612430455416e-25,5.351983639563668e-07
154,2.0970943008216082e-26,2.0970943008216082e-26,4.445210716358994e-36,4.865440145780717e-07,1.3996539092702284e-16,0.9999990269119707,3.0606803703729515e-25,4.865440145780717e-07
155,1.4298371497744978e-26,1.4298371497744978e-26,2.6267156556690022e-36,4.4231277965363533e-07,9.543095680139936e-17,0.9999991153744406,2.5041932518324583e-25,4.4231277965363533e-07
156,9.74889044156409e-27,9.74889044156409e-27,1.552150284992757e-36,4.021025592951413e-07,8.675542225091431e-17,0.9999991957948813,1.4797506769032951e-25,4.021025592951413e-07
157,6.646971241568997e-27,6.646971241568997e-27,9.171797809139633e-37,3.6554780790243925e-07,5.915142858652173e-17,0.9999992689043841,1.2107051877986332e-25,3.6554780790243925e-07
158,4.5320261477374476e-27,4.5320261477374476e-27,5.41969906561144e-37,3.323162110890289e-07,5.377402956174314e-17,0.9999993353675778,7.154167494299241e-26,3.323162110890289e-07
159,3.090018014705183e-27,3.090018014705183e-27,3.202549641362971e-37,3.021056646981371e-07,3.666411328011199e-17,0.9999993957886705,5.853410121732663e-26,3.021056646981371e-07
160,2.1068305802963435e-27,2.1068305802963435e-27,1.892415801116216e-37,2.746415284475358e-07,3.33310139036451e-17,0.999999450716943,3.45883344373897e-26,2.746415284475358e-07
161,1.4364754673867467e-27,1.4364754673867467e-27,1.1182457564989868e-37,2.4967412923792063e-07,2.2725692432743282e-17,0.9999995006517415,2.829954777099722e-26,2.4967412923792063e-07
162,9.79415135860895e-28,9.79415135860895e-28,6.607816133821422e-38,2.2697649142904748e-07,2.0659721331257157e-17,0.9999995460470172,1.672246080561942e-26,2.2697649142904748e-07
163,6.677830747362574e-28,6.677830747362574e-28,3.9046187856684167e-38,2.0634227345092412e-07,1.408617421626268e-17,0.999999587315453,1.3682013951051437e-26,2.0634227345092412e-07
164,4.553066589472685e-28,4.553066589472685e-28,2.307274823547398e-38,1.8758389199292868e-07,1.280561340430051e-17,0.999999624832216,8.084826728937947e-27,1.8758389199292868e-07
165,3.1043636896093073e-28,3.1043636896093073e-28,1.3633897149598167e-38,1.705308167188141e-07,8.731100346171036e-18,0.9999996589383664,6.614858458374846e-27,1.705308167188141e-07
166,2.116611672178622e-28,2.116611672178622e-28,8.056394020010456e-39,1.5502802000565918e-07,7.937364197167344e-18,0.99999968994396,3.908780119324676e-27,1.5502802000565918e-07
167,1.443144362617754e-28,1.443144362617754e-28,4.760596600556336e-39,1.4093456761401874e-07,5.411839377884416e-18,0.9999997181308649,3.1980929150463738e-27,1.4093456761401874e-07
168,9.839620906346999e-29,9.839620906346999e-29,2.813079881503325e-39,1.2812233747762906e-07,4.919854105963561e-18,0.999999743755325,1.889782225497519e-27,1.2812233747762906e-07
169,6.70883259242774e-29,6.70883259242774e-29,1.6622745141564187e-39,1.1647485496566838e-07,3.354446059480514e-18,0.9999997670502901,1.5461854932435883e-27,1.1647485496566838e-07
170,4.5742041371606874e-29,4.5742041371606874e-29,9.822531428029366e-40,1.0588623402935009e-07,3.0494964822894957e-18,0.9999997882275319,9.136550835380916e-28,1.0588623402935009e-07
171,3.118775608106906e-29,3.118775608106906e-29,5.804223228305961e-40,9.626021460716039e-08,2.0792021870444545e-18,0.9999998074795708,7.475359918318516e-28,9.626021460716039e-08
172,2.1264379518349585e-29,2.1264379518349585e-29,3.4297683312990196e-40,8.75092875380845e-08,1.8901838394857772e-18,0.999999824981425,4.417258210862073e-28,8.75092875380845e-08
173,1.4498440811374396e-29,1.4498440811374396e-29,2.0266813189227735e-40,7.955389902765955e-08,1.2887617292455066e-18,0.9999998408922021,3.614120411845169e-28,7.955389902765955e-08
174,9.885300696194216e-30,9.885300696194216e-30,1.197584433049368e-40,7.232172743486782e-08,1.1716015889878192e-18,0.999999855356545,2.135616637889714e-28,7.232172743486782e-08
175,6.739977836031847e-30,6.739977836031847e-30,7.076635379254356e-41,6.574702580532322e-08,7.988192757229659e-19,0.9999998685059484,1.747322726704202e-28,6.574702580532322e-08
176,4.595439488591983e-30,4.595439488591983e-30,4.181648228637744e-41,5.97700241738759e-08,7.261993502473232e-19,0.9999998804599517,1.0325088963041903e-28,5.97700241738759e-08
177,3.1332542308172033e-30,3.1332542308172033e-30,2.4709739801386986e-41,5.4336386203103024e-08,4.951359260039543e-19,0.9999998913272277,8.447800152475234e-29,5.4336386203103024e-08
178,2.1363097239352474e-30,2.1363097239352474e-30,1.4601210026888122e-41,4.939671521810074e-08,4.5012357354142895e-19,0.9999999012065695,4.991881957597333e-29,4.939671521810074e-08
179,1.456574824855853e-30,1.456574824855853e-30,8.627987820651029e-42,4.490610514703961e-08,3.069024392618784e-19,0.9999999101877898,4.084267092897706e-29,4.490610514703961e-08
180,9.931192068739206e-31,9.931192068739206e-31,5.098356481102396e-42,4.0823732285169606e-08,2.790022197887809e-19,0.9999999183525354,2.4134305745991473e-29,4.0823732285169606e-08
181,6.771267369854623e-31,6.771267369854623e-31,3.012665215740186e-42,3.711248417107602e-08,1.9022878763159587e-19,0.9999999257750316,1.974625030237768e-29,3.711248417107602e-08
182,4.616773237871775e-31,4.616773237871775e-31,1.7802112758588493e-42,3.373862220136441e-08,1.7293526265018851e-19,0.9999999325227558,1.166823889377542e-29,3.373862220136441e-08
183,3.1477999542221064e-31,3.1477999542221064e-31,1.051943033096794e-42,3.0671474916660964e-08,1.1791040707569845e-19,0.9999999386570502,9.546740971651502e-30,3.0671474916660964e-08
184,2.1462272534837914e-31,2.1462272534837914e-31,6.2160270484182764e-43,2.788315917064044e-08,1.0719127975749215e-19,0.9999999442336815,5.641256060162368e-30,2.788315917064044e-08
185,1.4633367711575763e-31,1.4633367711575763e-31,3.673106910868586e-43,2.5348326647271563e-08,7.308496384153368e-20,0.9999999493033466,4.615573163532257e-30,2.5348326647271563e-08
186,9.977296212966707e-32,9.977296212966707e-32,2.170472275516499e-43,2.3043933421906002e-08,6.644087652578791e-20,0.9999999539121331,2.7273841546571754e-30,2.3043933421906002e-08
187,6.802701991888394e-32,6.802701991888394e-32,1.2825518045424841e-43,2.0949030471323292e-08,4.530059782101976e-20,0.9999999581019392,2.2314961358872257e-30,2.0949030471323292e-08
188,4.638205921226799e-32,4.638205921226799e-32,7.578715237526812e-44,1.90445732282876e-08,4.118236181233261e-20,0.9999999619108536,1.3186113580467479e-30,1.90445732282876e-08
189,3.16241313905951e-32,3.16241313905951e-32,4.478331746772737e-44,1.731324844930208e-08,2.807888315109048e-20,0.9999999653735031,1.0788638421376122e-30,1.731324844930208e-08
190,2.1561907834188782e-32,2.1561907834188782e-32,2.646286949604949e-44,1.5739316821638017e-08,2.5526257490435425e-20,0.9999999685213664,6.3751045417902115e-31,1.5739316821638017e-08
191,1.4701300838108426e-32,1.4701300838108426e-32,1.563715020150525e-44,1.4308469878799201e-08,1.7404266520557105e-20,0.9999999713830602,5.215994640027661e-31,1.4308469878799201e-08
192,1.0023614233878032e-32,1.0023614233878032e-32,9.240134234018952e-45,1.3007699923657505e-08,1.582206051439545e-20,0.9999999739845999,3.0821786589438464e-31,1.3007699923657505e-08
193,6.834282448352895e-33,6.834282448352895e-33,5.4600793330153944e-45,1.1825181776746535e-08,1.0787768558055819e-20,0.9999999763496363,2.521782545099982e-31,1.1825181776746535e-08
194,4.659738042986475e-33,4.659738042986475e-33,3.226410521900532e-45,1.075016527470097e-08,9.807062346590799e-21,0.9999999784996696,1.4901442343993033e-31,1.075016527470097e-08
195,3.1770941264279215e-33,3.1770941264279215e-33,1.906515312122197e-45,9.772877541557254e-09,6.68663343119962e-21,0.9999999804542451,1.2192089214370113e-31,9.772877541557254e-09
196,2.1662005445954026e-33,2.1662005445954026e-33,1.126577231892189e-45,8.884434144475045e-09,6.07875767552819e-21,0.9999999822311316,7.204416366747406e-32,8.884434144475045e-09
197,1.4769549191553944e-33,1.4769549191553944e-33,6.6570472901164085e-46,8.076758326205936e-09,4.144607512736947e-21,0.9999999838464833,5.894522491405968e-32,8.076758326205936e-09
198,1.0070147190847535e-33,1.0070147190847535e-33,3.9337097681181734e-46,7.342507580060608e-09,3.767825017112099e-21,0.9999999853149849,3.483126931854868e-32,7.342507580060608e-09
199,6.866009457471269e-34,6.866009457471269e-34,2.324464866082084e-46,6.675006899875332e-09,2.5689716060060117e-21,0.9999999866499862,2.849831129867602e-32,6.675006899875332e-09
200,4.681370090320988e-34,4.681370090320988e-34,1.373547422533675e-46,6.0681880981603385e-09,2.335428735567102e-21,0.9999999878636239,1.6839911242382473e-32,6.0681880981603385e-09
201,3.1918432469222564e-34,3.1918432469222564e-34,8.116416596653887e-47,5.516534640777648e-09,1.5923377760071342e-21,0.9999999889669308,1.3778109213514415e-32,5.516534640777648e-09
202,2.176256761447974e-34,2.176256761447974e-34,4.796064357378689e-47,5.015031496646152e-09,1.4475797978220536e-21,0.9999999899699371,8.141609997970059e-33,5.015031496646152e-09
203,1.4838114296129574e-34,1.4838114296129574e-34,2.834038031944278e-47,4.559119546562707e-09,9.869862266877215e-22,0.9999999908817611,6.661317277140361e-33,4.559119546562707e-09
204,1.0116896119383644e-34,1.0116896119383644e-34,1.6746588384461585e-47,4.144654136674456e-09,8.972602068235135e-22,0.9999999917106919,3.936232939754896e-33,4.144654136674456e-09
205,6.897883722959636e-35,6.897883722959636e-35,9.89571132554808e-48,3.767867399816142e-09,6.11768323295226e-22,0.9999999924642651,3.2205542258627475e-33,3.767867399816142e-09
206,4.7031025416035095e-35,4.7031025416035095e-35,5.847465787284316e-48,3.425334002179439e-09,5.561530215584802e-22,0.999999993149332,1.9030547711317067e-33,3.425334002179439e-09
207,3.206660825817645e-35,3.206660825817645e-35,3.4553206946381195e-48,3.1139400039206335e-09,3.7919524220784934e-22,0.99999999377212,1.5570448137138326e-33,3.1139400039206335e-09
208,2.1863596552044291e-35,2.1863596552044291e-35,2.041780411623976e-48,2.830854550621505e-09,3.447229476568533e-22,0.9999999943382908,9.200719358972735e-34,2.830854550621505e-09
209,1.4906997656793756e-35,1.4906997656793756e-35,1.2065066074897033e-48,2.573504138253226e-09,2.3503837352337444e-22,0.9999999948529918,7.527861297579562e-34,2.573504138253226e-09
210,1.0163862043478787e-35,1.0163862043478787e-35,7.129357229411415e-49,2.3395492176885394e-09,2.1367124875759203e-22,0.9999999953209017,4.4482816779238625e-34,2.3395492176885394e-09
211,6.929905941683329e-36,6.929905941683329e-36,4.2128020009896644e-49,2.1268629260761086e-09,1.4568494239669223e-22,0.9999999957462742,3.6395031925767595e-34,2.1268629260761086e-09
212,4.724935871156685e-36,4.724935871156685e-36,2.489383001547452e-49,1.933511751725974e-09,1.3244085677548082e-22,0.9999999961329764,2.1506155237179145e-34,1.933511751725974e-09
213,3.221547186012085e-36,3.221547186012085e-36,1.470999046886075e-49,1.75773795673245e-09,9.030058419684551e-23,0.999999996484524,1.7595945200241476e-34,1.75773795673245e-09
214,2.1965094457102198e-36,2.1965094457102198e-36,8.69226709801385e-50,1.5979435975401852e-09,8.209144020518597e-23,0.9999999968041128,1.039760398528383e-34,1.5979435975401852e-09
215,1.4976200770557156e-36,1.4976200770557156e-36,5.136339650318653e-50,1.4526759981858583e-09,5.597143651979756e-23,0.9999999970946479,8.507130535885662e-35,1.4526759981858583e-09
216,1.0211045982622305e-36,1.0211045982622305e-36,3.035109794171755e-50,1.3206145441541302e-09,5.088312412234627e-23,0.9999999973587709,5.026940772532895e-35,1.3206145441541302e-09
217,6.962076808005067e-37,6.962076808005067e-37,1.793473969713944e-50,1.2005586767920231e-09,3.4693039182657205e-23,0.9999999975988826,4.112951542150846e-35,1.2005586767920231e-09
218,4.746870551948708e-37,4.746870551948708e-37,1.0597800732441174e-50,1.0914169791400772e-09,3.1539126536572833e-23,0.9999999978171659,2.430380457256011e-35,1.0914169791400772e-09
219,3.236502649698188e-37,3.236502649698188e-37,6.262336797685208e-51,9.92197253960598e-10,2.1503949915566898e-23,0.9999999980156056,1.9884931017858774e-35,9.92197253960598e-10
220,2.206706352465035e-37,2.206706352465035e-37,3.7004717447542764e-51,9.019975037632634e-10,1.9549045381314726e-23,0.9999999981960049,1.1750186512672637e-35,9.019975037632634e-10
221,1.504572513291091e-37,1.504572513291091e-37,2.186642394986135e-51,8.19997730828355e-10,1.3328894580355064e-23,0.9999999983600044,9.613788966490632e-36,8.19997730828355e-10
222,1.0258448955786876e-37,1.0258448955786876e-37,1.2921068699571752e-51,7.454524826823718e-10,1.2117176893038432e-23,0.9999999985090949,5.680875299227793e-36,7.454524826823718e-10
223,6.994397016257233e-38,6.994397016257233e-38,7.635176959872703e-52,6.776840752576437e-10,8.261711519100517e-24,0.999999998644632,4.6479888818163504e-36,6.776840752576437e-10
224,4.768907057126625e-38,4.768907057126625e-38,4.511695476844325e-52,6.160764321283134e-10,7.510646836471351e-24,0.9999999987678472,2.746538885048077e-36,6.160764321283134e-10
225,3.251527539314187e-38,3.251527539314187e-38,2.666001872979367e-52,5.600694838157477e-10,5.1208955708949874e-24,0.999999998879861,2.2471681789274132e-36,5.600694838157477e-10
226,2.2169505952126997e-38,2.2169505952126997e-38,1.575364743284592e-52,5.091540762479819e-10,4.655359610378593e-24,0.9999999989816918,1.3278721058650534e-36,5.091540762479819e-10
227,1.5115572241485888e-38,1.5115572241485888e-38,9.30897348390708e-53,4.6286734208646907e-10,3.1741088255519696e-24,0.9999999990742652,1.0864408139901645e-36,4.6286734208646907e-10
228,1.0306071983698625e-38,1.0306071983698625e-38,5.500757059135298e-53,4.207884928412937e-10,2.8855534780173602e-24,0.9999999991584232,6.419877537754892e-37,4.207884928412937e-10
229,7.026867262150302e-39,7.026867262150302e-39,3.2504473533740843e-53,3.825349935213517e-10,1.9674228260714483e-24,0.9999999992349299,5.252627076746772e-37,3.825349935213517e-10
230,4.79104586089025e-39,4.79104586089025e-39,1.9207188907637301e-53,3.4775908504359785e-10,1.7885662056438963e-24,0.9999999993044817,3.1038250910207874e-37,3.4775908504359785e-10
231,3.266622178086261e-39,3.266622178086261e-39,1.1349702537048762e-53,3.161446227868966e-10,1.2194769584706718e-24,0.9999999993677107,2.5394932564503045e-37,3.161446227868966e-10
232,2.2272423942777472e-39,2.2272423942777472e-39,6.706642408641591e-54,2.8740420255006264e-10,1.108615416855244e-24,0.9999999994251916,1.5006096516250727e-37,2.8740420255006264e-10
233,1.5185743598141812e-39,1.5185743598141812e-39,3.963015968949847e-54,2.612765477864373e-10,7.558741478953467e-25,0.9999999994774469,1.2277715332119443e-37,2.612765477864373e-10
234,1.0353916090134007e-39,1.0353916090134007e-39,2.3417821635816104e-54,2.375241343625902e-10,6.871583163011404e-25,0.9999999995249518,7.255013605687956e-38,2.375241343625902e-10
235,7.059488243578058e-40,7.059488243578058e-40,1.3837803694488936e-54,2.1593103124804363e-10,4.6851703386192e-25,0.9999999995681379,5.93592022309195e-38,2.1593103124804363e-10
236,4.8132874389921915e-40,4.8132874389921915e-40,8.176884001609941e-55,1.9630093750592827e-10,4.25924576254831e-25,0.999999999607398,3.507589222873861e-38,1.9630093750592827e-10
237,3.28178689033908e-40,3.28178689033908e-40,4.831795092032873e-55,1.7845539773903136e-10,2.9040312018411324e-25,0.9999999996430892,2.8698457279083144e-38,1.7845539773903136e-10
238,2.2375819707583375e-40,2.2375819707583375e-40,2.8551516453847912e-55,1.622321797680196e-10,2.6400283653957795e-25,0.9999999996755355,1.6958179301826633e-38,1.622321797680196e-10
239,1.525624071016595e-40,1.525624071016595e-40,1.6871350632316873e-55,1.4748379979345906e-10,1.8000193400956719e-25,0.9999999997050324,1.3874873974631058e-38,1.4748379979345906e-10
240,1.0401982302664806e-40,1.0401982302664806e-40,9.969434464818212e-56,1.3407618163401262e-10,1.6363812183126728e-25,0.9999999997318476,8.198789167047296e-39,1.3407618163401262e-10
241,7.092260661080714e-41,7.092260661080714e-41,5.891029456627097e-56,1.2188743785207368e-10,1.115714467058566e-25,0.9999999997562251,6.708100227747678e-39,1.2188743785207368e-10
242,4.835632269025834e-41,4.835632269025834e-41,3.4810628608113396e-56,1.1080676168615899e-10,1.014285879166629e-25,0.9999999997783866,3.963877407393292e-39,1.1080676168615899e-10
243,3.2970220016749466e-41,3.2970220016749466e-41,2.0569916905208694e-56,1.0073341971671942e-10,6.915585539911796e-26,0.999999999798533,3.243172424296214e-39,1.0073341971671942e-10
244,2.2479695466377263e-41,2.2479695466377263e-41,1.215495089875503e-56,9.157583610778579e-11,6.286895945489506e-26,0.9999999998168483,1.9164200689374076e-39,9.157583610778579e-11
245,1.532706509096697e-41,1.532706509096697e-41,7.182470985747562e-57,8.325076009937322e-11,4.286519962905126e-26,0.9999999998334985,1.567980056429441e-39,8.325076009937322e-11
246,1.0450271653090205e-41,1.0450271653090205e-41,4.2441874007332556e-57,7.568250918239394e-11,3.8968363299727354e-26,0.999999999848635,9.265336697223305e-40,7.568250918239394e-11
247,7.125185218114094e-42,7.125185218114094e-42,2.5079289186496152e-57,6.880228107585033e-11,2.656933861381607e-26,0.9999999998623953,7.580730025105199e-40,6.880228107585033e-11
248,4.8580808305931096e-42,4.8580808305931096e-42,1.4819579974024023e-57,6.254752825155549e-11,2.4153944194680406e-26,0.9999999998749051,4.479522287618201e-40,6.254752825155549e-11
249,3.312327839078425e-42,3.312327839078425e-42,8.757024530204692e-58,5.6861389320242533e-11,1.6468598314742106e-26,0.9999999998862773,3.6650636899111173e-40,5.6861389320242533e-11
250,2.2584053448495475e-42,2.2584053448495475e-42,5.174605404265361e-58,5.169217210984581e-11,1.4971453013556696e-26,0.9999999998966157,2.1657194531516868e-40,5.169217210984581e-11
251,1.5398218260482545e-42,1.5398218260482545e-42,3.0577213752764513e-58,4.6992883736665134e-11,1.0207808872975504e-26,0.9999999999060143,1.7719522798680337e-40,4.6992883736665134e-11
252,1.049878517769144e-42,1.049878517769144e-42,1.806835358133341e-58,4.272080339733332e-11,9.279826248238838e-27,0.9999999999145586,1.0470627108400574e-40,4.272080339733332e-11
253,7.158262621208854e-43,7.158262621208854e-43,1.0676754389052671e-58,3.8837093997877404e-11,6.327154260211988e-27,0.9999999999223257,8.566876725121556e-41,3.8837093997877404e-11
254,4.8806336054041385e-43,4.8806336054041385e-43,6.30899122993931e-59,3.530644908922878e-11,5.751958418415152e-27,0.9999999999293873,5.062245337607575e-41,3.530644908922878e-11
255,3.327704730978728e-43,3.327704730978728e-43,3.7280402722607955e-59,3.209677189950492e-11,3.921789830762778e-27,0.9999999999358063,4.141837094432785e-41,3.209677189950492e-11
256,2.268889589316919e-43,2.268889589316919e-43,2.2029328881669625e-59,2.917888354517475e-11,3.5652634825324224e-27,0.9999999999416421,2.4474491921791104e-41,2.917888354517475e-11
257,1.5469701745424698e-43,1.5469701745424698e-43,1.3017330702873838e-59,2.6526257768481406e-11,2.4308614653759113e-27,0.9999999999469473,2.0024584299753499e-41,2.6526257768481406e-11
258,1.0547523917385891e-43,1.0547523917385891e-43,7.692059051735276e-60,2.4114779789644853e-11,2.2098740594433048e-27,0.9999999999517702,1.1832708904456862e-41,2.4114779789644853e-11
259,7.191493580067367e-44,7.191493580067367e-44,4.545307621499865e-60,2.1922527081591446e-11,1.5067323132634053e-27,0.999999999956155,9.681307285507155e-42,2.1922527081591446e-11
260,4.903291077338203e-44,4.903291077338203e-44,2.6858635945333534e-60,1.9929570074253477e-11,1.3697566484267371e-27,0.9999999999601408,5.720772486913394e-42,1.9929570074253477e-11
261,3.343153007288161e-44,3.343153007288161e-44,1.587101214957278e-60,1.8117790976659718e-11,9.339249875670684e-28,0.9999999999637642,4.6806320347642824e-42,1.8117790976659718e-11
262,2.2794225049767097e-44,2.2794225049767097e-44,9.378325361142083e-61,1.6470719069744913e-11,8.490227159728592e-28,0.9999999999670586,2.765828020551642e-42,1.6470719069744913e-11
263,1.55415170794332e-44,1.55415170794332e-44,5.541737713418735e-61,1.4973380972540216e-11,5.788791245286829e-28,0.9999999999700532,2.2629501986399382e-42,1.4973380972540216e-11
264,1.059648891782421e-44,1.059648891782421e-44,3.274663194301804e-61,1.3612164520528163e-11,5.262537495729626e-28,0.9999999999727756,1.3371978446545127e-42,1.3612164520528163e-11
265,7.224878807625297e-45,7.224878807625297e-45,1.9350282511831275e-61,1.2374695018692593e-11,3.5880937470972617e-28,0.9999999999752505,1.0940709638109454e-42,1.2374695018692593e-11
266,4.926053732482877e-45,4.926053732482877e-45,1.1434257847926027e-61,1.1249722744291308e-11,3.2619034064593956e-28,0.9999999999775007,6.464964786170133e-43,1.1249722744291308e-11
267,3.3586729994270136e-45,3.3586729994270136e-45,6.756606910151926e-62,1.022702067664938e-11,2.224025049863228e-28,0.999999999979546,5.289516643240929e-43,1.022702067664938e-11
268,2.2900043177954035e-45,2.2900043177954035e-45,3.99254044691538e-62,9.297291524243996e-12,2.0218409544248757e-28,0.9999999999814054,3.125623471011815e-43,9.297291524243996e-12
269,1.5613665803176872e-45,1.5613665803176872e-45,2.359228445908531e-62,8.452083203872467e-12,1.3785279234738365e-28,0.9999999999830959,2.557328294468535e-43,8.452083203872467e-12
270,1.0645681229455135e-45,1.0645681229455135e-45,1.3940895362208199e-62,7.683712003532231e-12,1.2532072031599591e-28,0.9999999999846326,1.5111485376428202e-43,7.683712003532231e-12
271,7.258419020093189e-46,7.258419020093189e-46,8.237801804952719e-63,6.9851927304936065e-12,8.54459456701166e-29,0.9999999999860297,1.2363942580731257e-43,6.9851927304936065e-12
272,4.948922059160732e-46,4.948922059160732e-46,4.867791975660061e-63,6.350175209547707e-12,7.767813242747738e-29,0.9999999999872997,7.305966070441384e-44,6.350175209547707e-12
273,3.3742650403407588e-46,3.3742650403407588e-46,2.876422531075176e-63,5.772886554140944e-12,5.296236301879573e-29,0.9999999999884543,5.977608603095306e-44,5.772886554140944e-12
274,2.300635254780205e-46,2.300635254780205e-46,1.6997042229098427e-63,5.248078685588185e-12,4.8147602744410295e-29,0.999999999989504,3.532223265469116e-44,5.248078685588185e-12
275,1.5686149464425452e-46,1.5686149464425452e-46,1.0043706771749563e-63,4.770980623266539e-12,3.282791096212925e-29,0.9999999999904581,2.8900008535683977e-44,4.770980623266539e-12
276,1.0695101907572086e-46,1.0695101907572086e-46,5.934917637857163e-64,4.337255112064252e-12,2.9843555420143384e-29,0.9999999999913256,1.70772777711008e-44,4.337255112064252e-12
277,7.292114936986717e-47,7.292114936986717e-47,3.50699678600927e-64,3.9429591927887924e-12,2.0347878695568347e-29,0.999999999992114,1.3972318176366216e-44,3.9429591927887924e-12
278,4.971896547949054e-47,4.971896547949054e-47,2.0723162826433273e-64,3.5845083570832905e-12,1.8498071541439034e-29,0.999999999992831,8.256369831495047e-45,3.5845083570832905e-12
279,3.3899294645129283e-47,3.3899294645129283e-47,1.2245505306536734e-64,3.2586439609869334e-12,1.2612321505534835e-29,0.9999999999934827,6.755211680318532e-45,3.2586439609869334e-12
280,2.3113155439874567e-47,2.3113155439874567e-47,7.2359804084123565e-65,2.962403600898967e-12,1.1465746823220279e-29,0.9999999999940751,3.991715992917861e-45,2.962403600898967e-12
281,1.5758969618104786e-47,1.5758969618104786e-47,4.2758066049732415e-65,2.6930941826368753e-12,7.817554652199855e-30,0.9999999999946138,3.2659494487527366e-45,2.6930941826368753e-12
282,1.0744752012349434e-47,1.0744752012349434e-47,2.5266129938490614e-65,2.4482674387619942e-12,7.106867865639712e-30,0.9999999999951034,1.929879219718471e-45,2.4482674387619942e-12
283,7.325967281150602e-48,7.325967281150602e-48,1.4929985872751099e-65,2.2256976716028035e-12,4.845591726574687e-30,0.9999999999955484,1.5789920888612697e-45,2.2256976716028035e-12
284,4.9949776916956134e-48,4.9949776916956134e-48,8.822264379356492e-66,2.023361519639731e-12,4.405083387796952e-30,0.9999999999959531,9.33040779782037e-46,2.023361519639731e-12
285,3.4056666079755343e-48,3.4056666079755343e-48,5.213156224167118e-66,1.839419563309523e-12,3.003465946226299e-30,0.999999999996321,7.633970016401293e-46,1.839419563309523e-12
286,2.3220454145295503e-48,2.3220454145295503e-48,3.080501405190691e-66,1.6721996030092169e-12,2.7304235874793672e-30,0.9999999999966556,4.5109822824204545e-46,1.6721996030092169e-12
287,1.5832127826342656e-48,1.5832127826342656e-48,1.8202962848859614e-66,1.5201814572815683e-12,1.8616524460092254e-30,0.9999999999969595,3.690803685617857e-46,1.5201814572815683e-12
288,1.0794632608872976e-48,1.0794632608872976e-48,1.0756296228874564e-66,1.381983142983626e-12,1.6924113145543093e-30,0.999999999997236,2.180929450592973e-46,1.381983142983626e-12
289,7.359976778778879e-49,7.359976778778879e-49,6.355993226154749e-67,1.2563483118036119e-12,1.1539168053782281e-30,0.9999999999974872,1.7843968232128808e-46,1.2563483118036119e-12
290,5.0181659855322e-49,5.0181659855322e-49,3.7558141790923e-67,1.1421348289126352e-12,1.0490152776168105e-30,0.9999999999977156,1.0544163046260339e-46,1.1421348289126352e-12
291,3.4214768083181194e-49,3.4214768083181194e-49,2.2193447421913655e-67,1.0383043899207932e-12,7.1523768928433745e-31,0.9999999999979233,8.627042492396614e-47,1.0383043899207932e-12
292,2.332825096580977e-49,2.332825096580977e-49,1.3114309840224184e-67,9.43913081746354e-13,6.502160811677023e-31,0.9999999999981122,5.097797836417144e-47,9.43913081746354e-13
293,1.5905625658509388e-49,1.5905625658509388e-49,7.749364905588347e-68,8.581028015877417e-13,4.4332914625078215e-31,0.9999999999982837,4.170925502523833e-47,8.581028015877417e-13
294,1.0844744767167184e-49,1.0844744767167184e-49,4.5791701714847375e-68,7.800934559889778e-13,4.03026496591683e-31,0.9999999999984397,2.4646377969462857e-47,7.800934559889778e-13
295,7.394144159433219e-50,7.394144159433219e-50,2.7058732831504555e-68,7.091758690809894e-13,2.7479079313073193e-31,0.9999999999985815,2.0165218338654287e-47,7.091758690809894e-13
296,5.041461926886937e-50,5.041461926886937e-50,1.5989251218618394e-68,6.447053355282555e-13,2.498098119370613e-31,0.9999999999987107,1.1915810836479071e-47,6.447053355282555e-13
297,3.4373604046960416e-50,3.4373604046960416e-50,9.448193901911976e-69,5.860957595712101e-13,1.7032487177528906e-31,0.9999999999988279,9.749299775302201e-48,5.860957595712101e-13
298,2.3436548213839145e-50,2.3436548213839145e-50,5.583023669312217e-69,5.328143268829751e-13,1.5484079252300657e-31,0.9999999999989345,5.760949867224642e-48,5.328143268829751e-13
299,1.597946469125551e-50,1.597946469125551e-50,3.299059440957539e-69,4.843766608027515e-13,1.0557326762933288e-31,0.9999999999990314,4.713504436820619e-48,4.843766608027515e-13
300,1.0895089562220623e-50,1.0895089562220623e-50,1.9494442151114444e-69,4.4034241891163096e-13,9.59756978448565e-32,0.9999999999991193,2.785252621757883e-48,4.4034241891163096e-13
301,7.42847015606011e-51,7.42847015606011e-51,1.1519443089295821e-69,4.003112899196966e-13,6.54379758033165e-32,0.9999999999991993,2.2788430541657232e-48,4.003112899196966e-13
302,5.064866015495898e-51,5.064866015495898e-51,6.806943643675298e-70,3.6391935447247783e-13,5.948906891211023e-32,0.999999999999272,1.3465890774616615e-48,3.6391935447247783e-13
303,3.453317737838341e-51,3.453317737838341e-51,4.022284880353852e-70,3.3083577679318354e-13,4.0560728803714204e-32,0.9999999999993382,1.1017546997414324e-48,3.3083577679318354e-13
304,2.3545348212535566e-51,2.3545348212535566e-51,2.37680470202742e-70,3.007597970847305e-13,3.687338982156059e-32,0.9999999999993986,6.5103686802906756e-49,3.007597970847305e-13
305,1.6053646508547853e-51,1.6053646508547853e-51,1.4044755057435519e-70,2.7341799734976993e-13,2.514094760561087e-32,0.9999999999994532,5.32666528387448e-49,2.7341799734976993e-13
306,1.0945668074010444e-51,1.0945668074010444e-51,8.299173443030493e-71,2.485618157725305e-13,2.2855406914192835e-32,0.999999999999503,3.1475749404714403e-49,2.485618157725305e-13
307,7.462955505007459e-52,7.462955505007459e-52,4.90405703451824e-71,2.2596528706594707e-13,1.5583231986950366e-32,0.9999999999995481,2.5752885876585675e-49,2.2596528706594707e-13
308,5.088378753414385e-52,5.088378753414385e-52,2.8978518840336248e-71,2.0542298824177849e-13,1.4166574533591825e-32,0.9999999999995892,1.521761438161943e-49,2.0542298824177849e-13
309,3.469349150055392e-52,3.469349150055392e-52,1.7123670223835698e-71,1.867481711288965e-13,9.659028091085697e-33,0.9999999999996266,1.2450775403143637e-49,1.867481711288965e-13
310,2.3654653295833023e-52,2.3654653295833023e-52,1.0118532404994165e-71,1.6977106466263895e-13,8.780934628260022e-33,0.9999999999996606,7.357276374585126e-50,1.6977106466263895e-13
311,1.612817270170483e-52,1.612817270170483e-52,5.979132784769463e-72,1.543373315114947e-13,5.987000882904745e-33,0.9999999999996912,6.0195897610243785e-50,1.543373315114947e-13
312,1.099648138752633e-52,1.099648138752633e-52,3.5331239182729635e-72,1.4030666501045365e-13,5.442728075368103e-33,0.9999999999997193,3.5570303133326875e-50,1.4030666501045365e-13
313,7.49760094604087e-53,7.49760094604087e-53,2.0877550426158951e-72,1.2755151364587023e-13,3.710950960478347e-33,0.9999999999997449,2.9102975290904546e-50,1.2755151364587023e-13
314,5.112000645027984e-53,5.112000645027984e-53,1.2336734342730574e-72,1.1595592149624835e-13,3.3735917822531215e-33,0.9999999999997681,1.719721267189854e-50,1.1595592149624835e-13
315,3.4854549852464264e-53,3.4854549852464264e-53,7.289888475250038e-73,1.0541447408750071e-13,2.300176215172631e-33,0.9999999999997891,1.4070446731553646e-50,1.0541447408750071e-13
316,2.376446580849882e-53,2.376446580849882e-53,4.3076613717387426e-73,9.583134007954796e-14,2.091069286520614e-33,0.9999999999998085,8.314354886827315e-51,9.583134007954796e-14
317,1.6203044869431294e-53,1.6203044869431294e-53,2.545436265118392e-73,8.711940007231784e-14,1.4257290589913527e-33,0.9999999999998259,6.802653998313376e-51,8.711940007231784e-14
318,1.104753059279424e-53,1.104753059279424e-53,1.5041214293881646e-73,7.919945461119928e-14,1.2961173263557958e-33,0.9999999999998418,4.019750089912514e-51,7.919945461119928e-14
319,7.532407222359816e-54,7.532407222359816e-54,8.887990264566555e-74,7.199950419200037e-14,8.837163588789642e-34,0.999999999999856,3.288886437201194e-51,7.199950419200037e-14
320,5.135732197063579e-54,5.135732197063579e-54,5.2519942472439425e-74,6.545409472000121e-14,8.033785080717963e-34,0.9999999999998692,1.9434328947098225e-51,6.545409472000121e-14
321,3.501635588907027e-54,3.501635588907027e-54,3.10345114609873e-74,5.950372247272909e-14,5.477580736853222e-34,0.9999999999998811,1.5900814593080556e-51,5.950372247272909e-14
322,2.3874788106184532e-54,2.3874788106184532e-54,1.8338574954219963e-74,5.409429315702702e-14,4.9796188516848e-34,0.9999999999998918,9.395935895911337e-52,5.409429315702702e-14
323,1.6278264617853247e-54,1.6278264617853247e-54,1.0836430654766447e-74,4.9176630142752307e-14,3.395194671603306e-34,0.9999999999999015,7.687583914836623e-52,4.9176630142752307e-14
324,1.1098816784900041e-54,1.1098816784900041e-54,6.4033453869075045e-75,4.4706027402502496e-14,3.086540610548488e-34,0.9999999999999105,4.5426632224035e-52,4.4706027402502496e-14
325,7.567375080613726e-55,7.567375080613726e-55,3.7837950013544646e-75,4.0641843093184416e-14,2.104459507192168e-34,0.9999999999999186,3.7167244546938025e-52,4.0641843093184416e-14
326,5.159573918600306e-55,5.159573918600306e-55,2.2358788644367455e-75,3.6947130084713377e-14,1.913145006538349e-34,0.9999999999999261,2.196246268682718e-52,3.6947130084713377e-14
327,3.517891308136596e-55,3.517891308136596e-55,1.3212011471671768e-75,3.358830007701239e-14,1.3044170499125196e-34,0.9999999999999328,1.796928765285872e-52,3.358830007701239e-14
328,2.398562255547694e-55,2.398562255547694e-55,7.807097687806093e-76,3.053481825182963e-14,1.1858336817386615e-34,0.9999999999999389,1.0618215431234763e-52,3.053481825182963e-14
329,1.635383356055255e-55,1.635383356055255e-55,4.6132849973399895e-76,2.7758925683481638e-14,8.085229648218191e-35,0.9999999999999445,8.687630807373945e-53,2.7758925683481638e-14
330,1.115034106401316e-55,1.115034106401316e-55,2.7260320438827354e-76,2.523538698498344e-14,7.350208771107485e-35,0.9999999999999496,5.133600022539176e-53,2.523538698498344e-14
331,7.602505270918099e-56,7.602505270918099e-56,1.6108371168398055e-76,2.2941260895439596e-14,5.011505980300581e-35,0.9999999999999541,4.200218200259345e-53,2.2941260895439596e-14
332,5.183526321080544e-56,5.183526321080544e-56,9.518582963144345e-77,2.0855691723126993e-14,4.555914527546002e-35,0.9999999999999584,2.4819471183350777e-53,2.0855691723126993e-14
333,3.534222491645839e-56,3.534222491645839e-56,5.624617205494407e-77,1.895971974829734e-14,3.106305359690468e-35,0.9999999999999623,2.030684005910526e-53,1.895971974829734e-14
334,2.409697153394898e-56,2.409697153394898e-56,3.323637439610342e-77,1.7236108862088545e-14,2.82391396335498e-35,0.9999999999999655,1.1999496398562236e-53,1.7236108862088545e-14
335,1.6429753318601632e-56,1.6429753318601632e-56,1.9639675779515723e-77,1.5669189874626e-14,1.9253958841056745e-35,0.9999999999999687,9.817769780641861e-54,1.5669189874626e-14
336,1.1202104535410235e-56,1.1202104535410235e-56,1.1605262960622962e-77,1.4244718067841858e-14,1.7503598946415274e-35,0.9999999999999716,5.801409415833843e-54,1.4244718067841858e-14
337,7.637798546870635e-57,7.637798546870635e-57,6.857655385822677e-78,1.2949743698038085e-14,1.1934272008919537e-35,0.9999999999999741,4.746607703864066e-54,1.2949743698038085e-14
338,5.2075899183209e-57,5.2075899183209e-57,4.0522509098043187e-78,1.177249427094374e-14,1.0849338189926878e-35,0.9999999999999765,2.804813643192409e-54,1.177249427094374e-14
339,3.550629489764258e-57,3.550629489764258e-57,2.3945119012480117e-78,1.0702267519039787e-14,7.397276038586525e-36,0.9999999999999787,2.2948475262483398e-54,1.0702267519039787e-14
340,2.4208837430210898e-57,2.4208837430210898e-57,1.4149388507374644e-78,9.729334108218007e-15,6.724796398715036e-36,0.9999999999999806,1.3560462655103852e-54,9.729334108218007e-15
341,1.6506025520598365e-57,1.6506025520598365e-57,8.361002299812304e-79,8.844849189289113e-15,4.58508845366935e-36,0.9999999999999822,1.1094923990539532e-54,8.844849189289113e-15
342,1.1254108309498903e-57,1.1254108309498903e-57,4.940592268070915e-79,8.040771990262843e-15,4.168262230608507e-36,0.9999999999999839,6.556091448955189e-55,8.040771990262843e-15
343,7.673255665567446e-58,7.673255665567446e-58,2.919440885678273e-79,7.309792718420778e-15,2.841996975414896e-36,0.9999999999999855,5.364074821872437e-55,7.309792718420778e-15
344,5.231765226523265e-58,5.231765226523265e-58,1.7251241597189815e-79,6.6452661076552615e-15,2.5836336140135454e-36,0.9999999999999868,3.1696805765609895e-55,6.6452661076552615e-15
345,3.567112654447686e-58,3.567112654447686e-58,1.0193915489248542e-79,6.041151006959337e-15,1.761568373191056e-36,0.999999999999988,2.5933750171862675e-55,6.041151006959337e-15
346,2.432122264396152e-58,2.432122264396152e-58,6.0236773345559624e-80,5.49195546087213e-15,1.6014257938100524e-36,0.999999999999989,1.5324488737918868e-55,5.49195546087213e-15
347,1.6582651802701052e-58,1.6582651802701052e-58,3.5594456976921635e-80,4.992686782611032e-15,1.0918812230523095e-36,0.99999999999999,1.2538218058297269e-55,4.992686782611032e-15
348,1.1306353501841637e-58,1.1306353501841637e-58,2.1033088213635533e-80,4.538806166010034e-15,9.926192936839187e-37,0.999999999999991,7.408947034448393e-56,4.538806166010034e-15
349,7.708877387619303e-59,7.708877387619303e-59,1.2428643035330095e-80,4.126187423645488e-15,6.767858820572177e-37,0.9999999999999916,6.06186575545778e-56,4.126187423645488e-15
350,5.256052764285893e-59,5.256052764285893e-59,7.344198157240518e-81,3.751079476041357e-15,6.1525989277928935e-37,0.9999999999999926,3.5820115827705096e-56,3.751079476041357e-15
351,3.5836723392858387e-59,3.5836723392858387e-59,4.339753456551218e-81,3.4100722509466897e-15,4.194953814404249e-37,0.9999999999999932,2.9307367495395097e-56,3.4100722509466897e-15
352,2.4434129586039823e-59,2.4434129586039823e-59,2.564399769780267e-81,3.100065682678811e-15,3.813594376731137e-37,0.9999999999999939,1.7317989883642568e-56,3.100065682678811e-15
353,1.6659633808663526e-59,1.6659633808663526e-59,1.5153271366883406e-81,2.8182415297080118e-15,2.600177984134868e-37,0.9999999999999946,1.4169264450253018e-56,2.8182415297080118e-15
354,1.1358841233179681e-59,1.1358841233179681e-59,8.954205807703835e-82,2.5620377542800115e-15,2.363798167395335e-37,0.9999999999999948,8.372747175149513e-57,2.5620377542800115e-15
355,7.74466447716797e-60,7.74466447716797e-60,5.291121613643179e-82,2.3291252311636484e-15,1.6116805686786387e-37,0.9999999999999954,6.850429506940515e-57,2.3291252311636484e-15
356,5.280453052614526e-60,5.280453052614526e-60,3.126571862607334e-82,2.1173865737851354e-15,1.4651641533442177e-37,0.9999999999999958,4.0479810722830326e-57,2.1173865737851354e-15
357,3.6003088995099053e-60,3.6003088995099053e-60,1.8475197369952434e-82,1.9248968852592145e-15,9.989755590983307e-38,0.9999999999999961,3.311984513686119e-57,1.9248968852592145e-15
358,2.4547560678476632e-60,2.4547560678476632e-60,1.0917162082244623e-82,1.749906259326559e-15,9.081595991803009e-38,0.9999999999999964,1.957081758087253e-57,1.749906259326559e-15
359,1.6736973189870438e-60,1.6736973189870438e-60,6.45105032132637e-83,1.5908238721150544e-15,6.191997267138418e-38,0.9999999999999968,1.6012487111622985e-57,1.5908238721150544e-15
360,1.1411572629457119e-60,1.1411572629457119e-60,3.8119842807837646e-83,1.4462035201045953e-15,5.629088424671291e-38,0.9999999999999971,9.461924202322677e-58,1.4462035201045953e-15
361,7.780617701902584e-61,7.780617701902584e-61,2.25253616591768e-83,1.3147304728223598e-15,3.838014835003154e-38,0.9999999999999974,7.74157434735492e-58,1.3147304728223598e-15
362,5.3049666149335814e-61,5.3049666149335814e-61,1.3310440980422657e-83,1.1952095207476002e-15,3.489104395457414e-38,0.9999999999999978,4.574566659800636e-58,1.1952095207476002e-15
363,3.6170226920001695e-61,3.6170226920001695e-61,7.8652605793406605e-84,1.0865541097705457e-15,2.378934815084601e-38,0.9999999999999978,3.7428272671096114e-58,1.0865541097705457e-15
364,2.466151835454662e-61,2.466151835454662e-61,4.647653978701301e-84,9.877764634277691e-16,2.1626680137132744e-38,0.9999999999999981,2.211670657837498e-58,9.877764634277691e-16
365,1.6814671605372696e-61,1.6814671605372696e-61,2.746340987414405e-84,8.979786031161537e-16,1.4745463729863234e-38,0.9999999999999981,1.809548720048862e-58,8.979786031161537e-16
366,1.1464548821845023e-61,1.1464548821845023e-61,1.6228378561994215e-84,8.163441846510491e-16,1.34049670271484e-38,0.9999999999999983,1.0692787891197824e-58,8.163441846510491e-16
367,7.816737833076152e-62,7.816737833076152e-62,9.589496422996582e-85,7.421310769554991e-16,9.139750245783e-39,0.9999999999999983,8.748644638252764e-59,7.421310769554991e-16
368,5.329593977097378e-62,5.329593977097378e-62,5.666520613588891e-85,6.746646154140903e-16,8.30886385980273e-39,0.9999999999999987,5.169653649876635e-59,6.746646154140903e-16
369,3.6338140752936664e-62,3.6338140752936664e-62,3.348398544393436e-85,6.133314685582639e-16,5.6651344498654986e-39,0.9999999999999987,4.229716622626338e-59,6.133314685582639e-16
370,2.477600505882046e-62,2.477600505882046e-62,1.9785991398688492e-85,5.575740623256946e-16,5.1501222271504546e-39,0.999999999999999,2.4993780042792e-59,5.575740623256946e-16
371,1.689273072192304e-62,1.689273072192304e-62,1.1691722190134109e-85,5.06885511205177e-16,3.511446973057128e-39,0.999999999999999,2.0449456398648003e-59,5.06885511205177e-16
372,1.151777094676571e-62,1.151777094676571e-62,6.908744930533792e-86,4.608050101865245e-16,3.1922245209610257e-39,0.999999999999999,1.2083769690110183e-59,4.608050101865245e-16
373,7.853025645522075e-63,7.853025645522075e-63,4.082440186224513e-86,4.1891364562411314e-16,2.176516718837063e-39,0.999999999999999,9.886720655544695e-60,4.1891364562411314e-16
374,5.354335667401417e-63,5.354335667401417e-63,2.412351019132668e-86,3.8083058693101204e-16,1.9786515625791486e-39,0.9999999999999993,5.842153114640049e-60,3.8083058693101204e-16
375,3.6506834095918754e-63,3.6506834095918754e-63,1.4254801476693038e-86,3.462096244827382e-16,1.3490806108494194e-39,0.9999999999999993,4.7799434574327676e-60,3.462096244827382e-16
376,2.489102324721733e-63,2.489102324721733e-63,8.42329178168225e-87,3.1473602225703473e-16,1.2264369189540178e-39,0.9999999999999993,2.8245120430284534e-60,3.1473602225703473e-16
377,1.6971152214011819e-63,1.6971152214011819e-63,4.977399689175875e-87,2.861236565973043e-16,8.362069901959212e-40,0.9999999999999993,2.3109643988414621e-60,2.861236565973043e-16
378,1.1571240145917148e-63,1.1571240145917148e-63,2.941190725422108e-87,2.6011241508845843e-16,7.601881729053828e-40,0.9999999999999993,1.365569872042682e-60,2.6011241508845843e-16
379,7.889481917670784e-64,7.889481917670784e-64,1.737976337749428e-87,2.3646583189859866e-16,5.183101178900339e-40,0.9999999999999997,1.1172844407621948e-60,2.3646583189859866e-16
380,5.3791922165937165e-64,5.3791922165937165e-64,1.0269860177610255e-87,2.1496893808963516e-16,4.711910162636672e-40,0.9999999999999997,6.602135331776606e-61,2.1496893808963516e-16
381,3.667631056768443e-64,3.667631056768443e-64,6.06855374131515e-88,1.9542630735421377e-16,3.2126660199795493e-40,0.9999999999999997,5.401747089635405e-61,1.9542630735421377e-16
382,2.5006575387057563e-64,2.5006575387057563e-64,3.5859635744134975e-88,1.7766027941292161e-16,2.9206054727086813e-40,0.9999999999999997,3.191941462057285e-61,1.7766027941292161e-16
383,1.7049937763902884e-64,1.7049937763902884e-64,2.1189784757897943e-88,1.6150934492083784e-16,1.9913219132104646e-40,0.9999999999999997,2.6115884689559605e-61,1.6150934492083784e-16
384,1.162495756629742e-64,1.162495756629742e-64,1.2521236447848784e-88,1.4682667720076168e-16,1.8102926483731496e-40,0.9999999999999997,1.5432113680194314e-61,1.4682667720076168e-16
385,7.926107431566423e-65,7.926107431566423e-65,7.398912446456099e-89,1.3347879745523788e-16,1.234290442072602e-40,0.9999999999999997,1.2626274829249894e-61,1.3347879745523788e-16
386,5.404164157886198e-65,5.404164157886198e-65,4.3720846274513314e-89,1.2134436132294352e-16,1.122082220066002e-40,0.9999999999999997,7.4609805809203915e-62,1.2134436132294352e-16
387,3.6846573803769533e-65,3.6846573803769533e-65,2.5835045525848776e-89,1.1031305574813048e-16,7.650560591359104e-41,0.9999999999999997,6.104438657116684e-62,1.1031305574813048e-16
388,2.512266395711559e-65,2.512266395711559e-65,1.5266163265274276e-89,1.0028459613466407e-16,6.955055083053731e-41,0.9999999999999997,3.6071682973871315e-62,1.0028459613466407e-16
389,1.712908906166972e-65,1.712908906166972e-65,9.020914656752982e-90,9.116781466787642e-17,4.742083011172998e-41,0.9999999999999997,2.9513195160440165e-62,9.116781466787642e-17
390,1.1678924360229353e-65,1.1678924360229353e-65,5.330540478990399e-90,8.28798315162513e-17,4.3109845556118165e-41,0.9999999999999997,1.743961532207828e-62,8.28798315162513e-17
391,7.962902972883653e-66,7.962902972883653e-66,3.1498648284943275e-90,7.53453013784103e-17,2.939307651553512e-41,1.0,1.4268776172609506e-62,7.53453013784103e-17
392,5.429252026966128e-66,5.429252026966128e-66,1.8612837622921028e-90,6.849572852582754e-17,2.672097865048647e-41,1.0,8.431549556541981e-63,6.849572852582754e-17
393,3.7017627456587233e-66,3.7017627456587233e-66,1.0998494958998789e-90,6.226884411438868e-17,1.8218849079877138e-41,1.0,6.898540546261621e-63,6.226884411438868e-17
394,2.523929144767311e-66,2.523929144767311e-66,6.499110657590194e-91,5.660804010398971e-17,1.656259007261558e-41,1.0,4.0764103227909583e-63,5.660804010398971e-17
395,1.7208607805231667e-66,1.7208607805231667e-66,3.8403835703942056e-91,5.1461854639990643e-17,1.1292675049510624e-41,1.0,3.3352448095562385e-63,5.1461854639990643e-17
396,1.1733141685385228e-66,1.1733141685385228e-66,2.269317564323849e-91,4.678350421817331e-17,1.0266068226827841e-41,1.0,1.9708264783741408e-63,4.678350421817331e-17
397,7.999869330944473e-67,7.999869330944473e-67,1.340960378918638e-91,4.2530458380157555e-17,6.999591972837164e-42,1.0,1.6124943913970242e-63,4.2530458380157555e-17
398,5.454456362007596e-67,5.454456362007596e-67,7.923856784519224e-92,3.86640530728705e-17,6.363265429851967e-42,1.0,9.528375949164234e-64,3.86640530728705e-17
399,3.718947519550633e-67,3.718947519550633e-67,4.6822790090340864e-92,3.5149139157155e-17,4.3385900658081596e-42,1.0,7.795943958407101e-64,3.5149139157155e-17
400,2.53564603605725e-67,2.53564603605725e-67,2.766801232611051e-92,3.195376287014091e-17,3.944172787098327e-42,1.0,4.60669415724056e-64,3.195376287014091e-17
401,1.7288495700390342e-67,1.7288495700390342e-67,1.634928001088348e-92,2.9048875336491735e-17,2.689208718476132e-42,1.0,3.76911340137864e-64,2.9048875336491735e-17
402,1.1787610704811596e-67,1.1787610704811596e-67,9.660938188249329e-93,2.6408068487719757e-17,2.4447351986146654e-42,1.0,2.2272033735419235e-64,2.6408068487719757e-17
403,8.03700729873518e-68,8.03700729873518e-68,5.708736202147331e-93,2.4007334988836142e-17,1.6668649081463628e-42,1.0,1.82225730562521e-64,2.4007334988836142e-17
404,5.479777703683077e-68,5.479777703683077e-68,3.3733441194506952e-93,2.1824849989851038e-17,1.5153317346785115e-42,1.0,1.0767884078694423e-64,2.1824849989851038e-17
405,3.7362120706930076e-68,3.7362120706930076e-68,1.993339706948138e-93,1.9840772718046398e-17,1.0331807281898943e-42,1.0,8.810086973477255e-65,1.9840772718046398e-17
406,2.5474173209270506e-68,2.5474173209270506e-68,1.1778825541057179e-93,1.8037066107314908e-17,9.392552074453584e-43,1.0,5.2059604843274695e-65,1.8037066107314908e-17
407,1.7368754460866256e-68,1.7368754460866256e-68,6.960215092442878e-94,1.6397332824831734e-17,6.404012778036534e-43,1.0,4.259422214449748e-65,1.6397332824831734e-17
408,1.1842332586954266e-68,1.1842332586954266e-68,4.1128543728071546e-94,1.4906666204392485e-17,5.821829798215031e-43,1.0,2.5169313085384873e-65,1.4906666204392485e-17
409,8.074317672923364e-69,8.074317672923364e-69,2.4303230384769553e-94,1.3551514731265896e-17,3.9694294078738845e-43,1.0,2.0593074342587625e-65,1.3551514731265896e-17
410,5.505216595175021e-69,5.505216595175021e-69,1.4360999772818373e-94,1.2319558846605361e-17,3.6085721889762584e-43,1.0,1.2168634838801779e-65,1.2319558846605361e-17
411,3.753556769437514e-69,3.753556769437514e-69,8.486045320301766e-95,1.1199598951459418e-17,2.460390128847449e-43,1.0,9.956155777201455e-66,1.1199598951459418e-17
412,2.559243251889214e-69,2.559243251889214e-69,5.014481325632861e-95,1.0181453592235835e-17,2.236718298952226e-43,1.0,5.883182959255405e-66,1.0181453592235835e-17
413,1.744938580833555e-69,1.744938580833555e-69,2.963102601510327e-95,9.255866902032578e-18,1.5250352038310632e-43,1.0,4.813513330299876e-66,9.255866902032578e-18
414,1.189730850568333e-69,1.189730850568333e-69,1.7509242645288295e-95,8.414424456393253e-18,1.3863956398464213e-43,1.0,2.8443487860862903e-66,8.414424456393253e-18
415,8.111801253874998e-70,8.111801253874998e-70,1.0346370654033992e-95,7.649476778539321e-18,9.452697544407417e-44,1.0,2.3271944613433284e-66,7.649476778539321e-18
416,5.5307735821874985e-70,5.5307735821874985e-70,6.113764477383722e-96,6.95406979867211e-18,8.593361404006742e-44,1.0,1.3751603635210575e-66,6.95406979867211e-18
417,3.770981987855112e-70,3.770981987855112e-70,3.612679009363109e-96,6.321881635156464e-18,5.8591100481864155e-44,1.0,1.1251312065172288e-66,6.321881635156464e-18
418,2.5711240826284858e-70,2.5711240826284858e-70,2.13476486916911e-96,5.747165122869513e-18,5.326463680169469e-44,1.0,6.648502583965443e-67,5.747165122869513e-18
419,1.753039147246695e-70,1.753039147246695e-70,1.2614519681453832e-96,5.224695566245012e-18,3.631679781933729e-44,1.0,5.4396839323353615e-67,5.224695566245012e-18
420,1.1952539640318375e-70,1.1952539640318375e-70,7.454034357222719e-97,4.7497232420409205e-18,3.301527074485208e-44,1.0,3.214358687289077e-67,4.7497232420409205e-18
421,8.149458845671619e-71,8.149458845671619e-71,4.4046566656316066e-97,4.3179302200372e-18,2.2510411871490054e-44,1.0,2.6299298350546997e-67,4.3179302200372e-18
422,5.556449212957922e-71,5.556449212957922e-71,2.6027516660550404e-97,3.925391109124727e-18,2.0464010792263685e-44,1.0,1.554049447986868e-67,3.925391109124727e-18
423,3.788488099744037e-71,3.788488099744037e-71,1.5379896208507057e-97,3.56853737193157e-18,1.3952734631088874e-44,1.0,1.2714950028983467e-67,3.56853737193157e-18
424,2.5830600680072984e-71,2.5830600680072984e-71,9.08812048684508e-98,3.244124883574154e-18,1.2684304210080794e-44,1.0,7.513379562581139e-68,3.244124883574154e-18
425,1.7611773190958853e-71,1.7611773190958853e-71,5.370253014953911e-98,2.949204439612867e-18,8.648389234145996e-45,1.0,6.14731055120275e-68,2.949204439612867e-18
426,1.2008027175653763e-71,1.2008027175653763e-71,3.17333132701822e-98,2.681094945102606e-18,7.862172031041814e-45,1.0,3.6325016893470797e-68,2.681094945102606e-18
427,8.187291256127566e-72,8.187291256127566e-72,1.8751503296016753e-98,2.4373590410023693e-18,5.360571839346691e-45,1.0,2.9720468367385197e-68,2.4373590410023693e-18
428,5.582244038268795e-72,5.582244038268795e-72,1.108043376582808e-98,2.2157809463657902e-18,4.87324712667881e-45,1.0,1.756209494436398e-68,2.2157809463657902e-18
429,3.8060754806378147e-72,3.8060754806378147e-72,6.547529043443866e-99,2.014346314877991e-18,3.322668495462825e-45,1.0,1.436898677266144e-68,2.014346314877991e-18
430,2.5950514640712375e-72,2.5950514640712375e-72,3.868994434762285e-99,1.8312239226163557e-18,3.0206077231480226e-45,1.0,8.490764911118124e-69,1.8312239226163557e-18
431,1.7693532709576618e-72,1.7693532709576618e-72,2.2862239841777138e-99,1.6647490205603233e-18,2.0595052657827427e-45,1.0,6.946989472733011e-69,1.6647490205603233e-18
432,1.2063772301984058e-72,1.2063772301984058e-72,1.3509505361050129e-99,1.5134082005093848e-18,1.872277514347948e-45,1.0,4.1050392338876883e-69,1.5134082005093848e-18
433,8.225299296807313e-73,8.225299296807313e-73,7.982889531529621e-100,1.3758256368267135e-18,1.2765528506917826e-45,1.0,3.358668464089927e-69,1.3758256368267135e-18
434,5.608158611459531e-73,5.608158611459531e-73,4.717161995903867e-100,1.250750578933376e-18,1.1605025915379843e-45,1.0,1.9846677287804114e-69,1.250750578933376e-18
435,3.8237445078133166e-73,3.8237445078133166e-73,2.787413906670467e-100,1.1370459808485236e-18,7.912517669577165e-46,1.0,1.6238190508203365e-69,1.1370459808485236e-18
436,2.6070985280545342e-73,2.6070985280545342e-73,1.6471082175780032e-100,1.0336781644077488e-18,7.193197881433786e-46,1.0,9.595294391211079e-70,1.0336781644077488e-18
437,1.7775671782190005e-73,1.7775671782190005e-73,9.73291219477911e-101,9.397074221888626e-19,4.9044531009775815e-46,1.0,7.850695410990882e-70,9.397074221888626e-19
438,1.211977621512955e-73,1.211977621512955e-73,5.751266296914929e-101,8.542794747171478e-19,4.458593728161438e-46,1.0,4.6390472883127944e-70,8.542794747171478e-19
439,8.263483783042874e-74,8.263483783042874e-74,3.398475539086094e-101,7.766177042883161e-19,3.0399502692009804e-46,1.0,3.795584144983195e-70,7.766177042883161e-19
440,5.634193488438323e-74,5.634193488438323e-74,2.0081900912781465e-101,7.060160948075601e-19,2.763591153819073e-46,1.0,2.242845176580979e-70,7.060160948075601e-19
441,3.841495560298856e-74,3.841495560298856e-74,1.1866577812098138e-101,6.418328134614183e-19,1.8842666957857315e-46,1.0,1.8350551444753463e-70,6.418328134614183e-19
442,2.6192015183855836e-74,2.6192015183855836e-74,7.0120687071489e-102,5.834843758740167e-19,1.712969723441574e-46,1.0,1.0843507671899774e-70,5.834843758740167e-19
443,1.7858192170810797e-74,1.7858192170810797e-74,4.143495145133441e-102,5.304403417036516e-19,1.1679339023465277e-46,1.0,8.871960822463451e-71,5.304403417036516e-19
444,1.2176040116461908e-74,1.2176040116461908e-74,2.4484289493970333e-102,4.82218492457865e-19,1.061758093042298e-46,1.0,5.242522304182948e-71,4.82218492457865e-19
445,8.3018455339513e-75,8.3018455339513e-75,1.4467989246437016e-102,4.383804476889681e-19,7.239259725288395e-47,1.0,4.289336430695139e-71,4.383804476889681e-19
446,5.660349227694068e-75,5.660349227694068e-75,8.5492663728946e-103,3.985276797172437e-19,6.581145204807633e-47,1.0,2.53460789086531e-71,3.985276797172437e-19
447,3.859329018882319e-75,3.859329018882319e-75,5.051839220346809e-103,3.622978906520397e-19,4.487144457823386e-47,1.0,2.0737700925261624e-71,3.622978906520397e-19
448,2.63136069469249e-75,2.63136069469249e-75,2.985177721114024e-103,3.2936171877458157e-19,4.079222234384897e-47,1.0,1.225409600129096e-71,3.2936171877458157e-19
449,1.7941095645630614e-75,1.7941095645630614e-75,1.7639686533855594e-103,2.9941974434052867e-19,2.7812878870806117e-47,1.0,1.0026078546510785e-71,2.9941974434052867e-19
450,1.2232565212929964e-75,1.2232565212929964e-75,1.0423451133641942e-103,2.721997675822988e-19,2.528443533709647e-47,1.0,5.924500959301827e-72,2.721997675822988e-19
451,8.340385372452247e-76,8.340385372452247e-76,6.159312033515694e-104,2.474543341657262e-19,1.72393877298385e-47,1.0,4.847318966701495e-72,2.474543341657262e-19
452,5.68662639030835e-76,5.68662639030835e-76,3.6395934743501826e-104,2.2495848560520564e-19,1.5672170663489545e-47,1.0,2.8643248439599747e-72,2.2495848560520564e-19
453,3.87724526611933e-76,3.87724526611933e-76,2.150668871206926e-104,2.045077141865506e-19,1.068557090692469e-47,1.0,2.343538508694525e-72,2.045077141865506e-19
454,2.643576317808634e-76,2.643576317808634e-76,1.2708497875313652e-104,1.859161038059551e-19,9.714155369931536e-48,1.0,1.3848182096831282e-72,1.859161038059551e-19
455,1.8024383985058866e-76,1.8024383985058866e-76,7.509566926321704e-105,1.6901463982359554e-19,6.623287752226047e-48,1.0,1.1330330806498322e-72,1.6901463982359554e-19
456,1.2289352717085589e-76,1.2289352717085589e-76,4.437471365553734e-105,1.5364967256690503e-19,6.021170683841862e-48,1.0,6.695195476567191e-73,1.5364967256690503e-19
457,8.379104125285629e-77,8.379104125285629e-77,2.6221421705544797e-105,1.3968152051536822e-19,4.1053436480739967e-48,1.0,5.4778872081004293e-73,1.3968152051536822e-19
458,5.713025539967474e-77,5.713025539967474e-77,1.549447646236738e-105,1.2698320046851658e-19,3.732130589158179e-48,1.0,3.2369333502411626e-73,1.2698320046851658e-19
459,3.8952446863414594e-77,3.8952446863414594e-77,9.155827000489815e-106,1.154392731531969e-19,2.544634492607849e-48,1.0,2.6484000138336783e-73,1.154392731531969e-19
460,2.6558486497782676e-77,2.6558486497782676e-77,5.410261409380345e-106,1.0494479377563354e-19,2.3133040841889536e-48,1.0,1.5649636445380827e-73,1.0494479377563354e-19
461,1.8108058975760917e-77,1.8108058975760917e-77,3.1969726509974766e-106,9.540435797784868e-20,1.5772527846742866e-48,1.0,1.280424800076613e-73,9.540435797784868e-20
462,1.2346403847109716e-77,1.2346403847109716e-77,1.8891202028621453e-106,8.673123452531698e-20,1.4338661678857153e-48,1.0,7.566146545907258e-74,8.673123452531698e-20
463,8.418002623029352e-78,8.418002623029352e-78,1.1162983016912678e-106,7.884657684119726e-20,9.776360235584421e-49,1.0,6.190483537560484e-74,7.884657684119726e-20
464,5.739547242974558e-78,5.739547242974558e-78,6.596308146357491e-107,7.167870621927024e-20,8.887600214167655e-49,1.0,3.6580129994675585e-74,7.167870621927024e-20
465,3.913327665664471e-78,3.913327665664471e-78,3.8978184501203354e-107,6.516246019933658e-20,6.059727418750673e-49,1.0,2.9929197268370936e-74,6.516246019933658e-20
466,2.6681779538621396e-78,2.6681779538621396e-78,2.3032563568892888e-107,5.923860018121507e-20,5.508843107955158e-49,1.0,1.7685434749491918e-74,5.923860018121507e-20
467,1.8192122412696406e-78,1.8192122412696406e-78,1.3610151199800343e-107,5.38532728920137e-20,3.756029391787608e-49,1.0,1.4469901158675206e-74,5.38532728920137e-20
468,1.2403719826838458e-78,1.2403719826838458e-78,8.042362072609293e-108,4.895752081092155e-20,3.4145721743523706e-49,1.0,8.550396139217168e-75,4.895752081092155e-20
469,8.457081700117131e-79,8.457081700117131e-79,4.75230486108731e-108,4.450683710083777e-20,2.328117391603889e-49,1.0,6.995778659359501e-75,4.450683710083777e-20
470,5.76619206826168e-79,5.76619206826168e-79,2.8081801451879557e-108,4.0460761000761615e-20,2.116470356003535e-49,1.0,4.133869207803342e-75,4.0460761000761615e-20
471,3.9314945919966e-79,3.9314945919966e-79,1.6593791767019738e-108,3.6782510000692376e-20,1.4430479700024103e-49,1.0,3.3822566245663706e-75,3.6782510000692376e-20
472,2.6805644945431366e-79,2.6805644945431366e-79,9.805422407784389e-109,3.343864545517489e-20,1.311861790911282e-49,1.0,1.9986061872437645e-75,3.343864545517489e-20
473,1.827657609915775e-79,1.827657609915775e-79,5.794113240963503e-109,3.039876859561354e-20,8.944512210758741e-50,1.0,1.6352232441085344e-75,3.039876859561354e-20
474,1.2461301885789376e-79,1.2461301885789376e-79,3.42379418784207e-109,2.763524417783049e-20,8.131374737053401e-50,1.0,9.662682806095885e-76,2.763524417783049e-20
475,8.496342194856393e-80,8.496342194856393e-80,2.0231511109975868e-109,2.512294925257317e-20,5.544119138900046e-50,1.0,7.905831386805724e-76,2.512294925257317e-20
476,5.792960587402086e-80,5.792960587402086e-80,1.1954983837713012e-109,2.2839044775066516e-20,5.040108308090952e-50,1.0,4.6716276376579274e-76,2.2839044775066516e-20
477,3.9497458550468765e-80,3.9497458550468765e-80,7.064308631375871e-110,2.07627679773332e-20,3.4364374827892855e-50,1.0,3.822240794447395e-76,2.07627679773332e-20
478,2.6930085375319614e-80,2.6930085375319614e-80,4.17436419126756e-110,1.8875243615757453e-20,3.124034075262987e-50,1.0,2.2585968330825516e-76,1.8875243615757453e-20
479,1.836142184680883e-80,1.836142184680883e-80,2.4666697493853765e-110,1.7159312377961323e-20,2.1300232331338546e-50,1.0,1.8479428634311786e-76,1.7159312377961323e-20
480,1.2519151259187836e-80,1.2519151259187836e-80,1.457577579182268e-110,1.5599374889055748e-20,1.9363847573944133e-50,1.0,1.0919662374820602e-76,1.5599374889055748e-20
481,8.535784949446252e-81,8.535784949446252e-81,8.612958422440675e-111,1.418124989914159e-20,1.3202623345871e-50,1.0,8.93426921576231e-77,1.418124989914159e-20
482,5.819853374622445e-81,5.819853374622445e-81,5.089475431442217e-111,1.2892045362855991e-20,1.2002384859882726e-50,1.0,5.279340900223184e-77,1.2892045362855991e-20
483,3.968081846333485e-81,3.968081846333485e-81,3.0074173003976736e-111,1.1720041238959992e-20,8.183444222647314e-51,1.0,4.3194607365462416e-77,1.1720041238959992e-20
484,2.7055103497728305e-81,2.7055103497728305e-81,1.7771102229622616e-111,1.0654582944509085e-20,7.439494747861194e-51,1.0,2.552408617050052e-77,1.0654582944509085e-20
485,1.8446661475723847e-81,1.8446661475723847e-81,1.050110586295882e-111,9.685984495008259e-21,5.072382782632632e-51,1.0,2.0883343230409516e-77,9.685984495008259e-21
486,1.2577269187993532e-81,1.2577269187993532e-81,6.205198919021121e-112,8.805440450007508e-21,4.611257075120574e-51,1.0,1.2340157363423804e-77,8.805440450007508e-21
487,8.57541080999559e-82,8.57541080999559e-82,3.6667084521488446e-112,8.00494586364319e-21,3.1440389148549367e-51,1.0,1.009649238825584e-77,8.00494586364319e-21
488,5.846871006815175e-82,5.846871006815175e-82,2.166691358087954e-112,7.277223512402901e-21,2.8582171953226693e-51,1.0,5.966109138514815e-78,7.277223512402901e-21
489,3.986502959192165e-82,3.986502959192165e-82,1.2803176206883365e-112,6.615657738548092e-21,1.9487844513563657e-51,1.0,4.881362022421212e-78,6.615657738548092e-21
490,2.7180701994492036e-82,2.7180701994492036e-82,7.565513213158352e-113,6.014234307770993e-21,1.771622228505787e-51,1.0,2.88444119506708e-78,6.014234307770993e-21
491,1.8532296814426388e-82,1.8532296814426388e-82,4.4705305350481177e-113,5.467485734337267e-21,1.2079242467084913e-51,1.0,2.35999734141852e-78,5.467485734337267e-21
492,1.2635656918927083e-82,1.2635656918927083e-82,2.641677134346615e-113,4.970441576670243e-21,1.0981129515531738e-51,1.0,1.3945438835654893e-78,4.970441576670243e-21
493,8.615220626541193e-83,8.615220626541193e-83,1.5609910339320905e-113,4.518583251518403e-21,7.487133760589822e-52,1.0,1.1409904501899458e-78,4.518583251518403e-21
494,5.874014063550814e-83,5.874014063550814e-83,9.224037927780535e-114,4.107802955925821e-21,6.806485236899839e-52,1.0,6.742216296576953e-79,4.107802955925821e-21
495,4.005009588784646e-83,4.005009588784646e-83,5.450567866415771e-114,3.734366323568928e-21,4.640785388795344e-52,1.0,5.516358788108416e-79,3.734366323568928e-21
496,2.7306883559895313e-83,2.7306883559895313e-83,3.2207901028820466e-114,3.394878475971753e-21,4.218895807995767e-52,1.0,3.2596665566095186e-79,3.394878475971753e-21
497,1.861832969992862e-83,1.861832969992862e-83,1.9031941517030275e-114,3.086253159974321e-21,2.8765198690880226e-52,1.0,2.6669999099532424e-79,3.086253159974321e-21
498,1.2694315704496787e-83,1.2694315704496787e-83,1.1246147260063345e-114,2.805684690885746e-21,2.615018062807293e-52,1.0,1.5759544922450978e-79,2.805684690885746e-21
499,8.65521525306599e-84,8.65521525306599e-84,6.645450653673795e-115,2.5506224462597693e-21,1.7829668610049726e-52,1.0,1.2894173118368983e-79,2.5506224462597693e-21
